candidate_id,lemma,pos,definition_nl,curriculum_stage,review_status
pilot:S04,dank u wel,phrase,Een beleefde uiting van dank.,A1,model_draft_external_review_pending
pilot:S08,kunt u dat herhalen,phrase,Een beleefd verzoek om iets nog een keer te zeggen.,A1,model_draft_external_review_pending
pilot:S27,geen probleem,phrase,Aangeven dat een verzoek of ongemak geen bezwaar is.,A1,model_draft_external_review_pending
pilot:S33,hoe laat,phrase,Vragen naar een tijdstip.,A1,model_draft_external_review_pending
pilot:S34,op tijd,phrase,Op het afgesproken of noodzakelijke tijdstip.,A1,model_draft_external_review_pending
pilot:S35,tot ziens,phrase,Een groet bij het afscheid nemen.,A1,model_draft_external_review_pending
pilot:S40,een afspraak maken,phrase,Een tijdstip voor een ontmoeting afspreken.,A1,model_draft_external_review_pending
pilot:S43,het spijt me,phrase,Spijt uitdrukken over iets waarvoor je je verontschuldigt.,A1,model_draft_external_review_pending
pilot:S53,pinnen,verb,Met een betaalpas betalen.,A1,model_draft_external_review_pending
pilot:S58,half drie,phrase,Dertig minuten voor drie uur.,A1,model_draft_external_review_pending
nt2-odwn:kop-n-5,kop,noun,stuk servies om uit te drinken,A1,source_candidate_not_curated
nt2-odwn:danken-v-1,danken,verb,bedanken,A1,source_candidate_not_curated
nt2-odwn:appartement-n-1,appartement,noun,wooneenheid in een groter gebouw,A1,source_candidate_not_curated
nt2-odwn:vliegveld-n-1,vliegveld,noun,haven voor vliegtuigen,A1,source_candidate_not_curated
nt2-odwn:boodschap-n-1,boodschap,noun,iets dat je in de winkel koopt,A1,source_candidate_not_curated
nt2-odwn:trouwen-v-1,trouwen,verb,in het huwelijk treden,A1,source_candidate_not_curated
nt2-odwn:beet-n-1,beet,noun,hap,A1,source_candidate_not_curated
nt2-odwn:pap-n-3,pap,noun,vader,A1,source_candidate_not_curated
nt2-odwn:groet-n-1,groet,noun,beleefdheidsuiting tussen mensen,A1,source_candidate_not_curated
nt2-odwn:taxi-n-1,taxi,noun,huurauto met chauffeur,A1,source_candidate_not_curated
nt2-odwn:dollar-n-1,dollar,noun,munteenheid van o.a. de Verenigde Staten,A1,source_candidate_not_curated
nt2-odwn:stappen-v-1,stappen,verb,passen maken,A1,source_candidate_not_curated
nt2-odwn:plezier-n-1,plezier,noun,genoegen in iets,A1,source_candidate_not_curated
nt2-odwn:verbaasd-a-1,verbaasd,adjective,verwonderd,A1,source_candidate_not_curated
nt2-odwn:relatie-n-1,relatie,noun,intieme betrekking tussen mensen die van elkaar houden,A1,source_candidate_not_curated
nt2-odwn:koek-n-1,koek,noun,gebakken lekkernij,A1,source_candidate_not_curated
nt2-odwn:pap-n-1,pap,noun,halfvloeibaar voedsel,A1,source_candidate_not_curated
nt2-odwn:lerares-n-1,lerares,noun,vrouw die lesgeeft,A1,source_candidate_not_curated
nt2-odwn:telefoonnummer-n-1,telefoonnummer,noun,uniek telefoonnummer binnen de regio,A1,source_candidate_not_curated
nt2-odwn:beet-n-2,beet,noun,wondje door beet,A1,source_candidate_not_curated
nt2-odwn:drug-n-1,drug,noun,verdovend of bedwelmend middel,A1,source_candidate_not_curated
nt2-odwn:organisatie-n-1,organisatie,noun,het voorbereiden en uitvoeren van iets,A1,source_candidate_not_curated
nt2-odwn:honger-n-1,honger,noun,behoefte aan voedsel,A1,source_candidate_not_curated
nt2-odwn:slaap-n-1,slaap,noun,rusttoestand van mensen,A1,source_candidate_not_curated
nt2-odwn:wiskunde-n-1,wiskunde,noun,studie v.d. eigenschappen van getallen,A1,source_candidate_not_curated
nt2-odwn:uniform-n-1,uniform,noun,geijkte kledij,A1,source_candidate_not_curated
nt2-odwn:pizza-n-1,pizza,noun,bepaald Italiaans gerecht,A1,source_candidate_not_curated
nt2-odwn:benzine-n-1,benzine,noun,brandstof uit aardolie,A1,source_candidate_not_curated
nt2-odwn:kloppen-v-1,kloppen,verb,hoorbaar slaan,A1,source_candidate_not_curated
nt2-odwn:voetbal-n-1,voetbal,noun,balspel met twee teams van elf spelers,A1,source_candidate_not_curated
nt2-odwn:organisatie-n-3,organisatie,noun,wijze waarop iets is georganiseerd,A1,source_candidate_not_curated
nt2-odwn:organisatie-n-2,organisatie,noun,vereniging,A1,source_candidate_not_curated
nt2-odwn:blaffen-v-3,blaffen,verb,kortaf doen,A1,source_candidate_not_curated
nt2-odwn:sportschool-n-1,sportschool,noun,school waar je kan (leren) sporten,A1,source_candidate_not_curated
nt2-odwn:halen-v-5,halen,verb,bereiken,A1,source_candidate_not_curated
nt2-odwn:buschauffeur-n-1,buschauffeur,noun,bestuurder v.e. autobus,A1,source_candidate_not_curated
nt2-odwn:verbazen-v-2,verbazen,verb,je verwonderen,A1,source_candidate_not_curated
nt2-odwn:huishouden-n-1,huishouden,noun,het huishoudelijk werk,A1,source_candidate_not_curated
nt2-odwn:route-n-1,route,noun,te volgen weg,A1,source_candidate_not_curated
nt2-odwn:verbranden-v-1,verbranden,verb,door vuur havenen,A1,source_candidate_not_curated
nt2-odwn:bushalte-n-1,bushalte,noun,halte waar de bus stopt,A1,source_candidate_not_curated
nt2-odwn:dansfeest-n-1,dansfeest,noun,feest waarop men danst,A1,source_candidate_not_curated
nt2-odwn:dank-n-1,dank,noun,dat waarmee je bedankt,A1,source_candidate_not_curated
nt2-odwn:besturen-v-1,besturen,verb,voertuig bedienen,A1,source_candidate_not_curated
nt2-odwn:glimlachen-v-1,glimlachen,verb,met een glimlach lachen,A1,source_candidate_not_curated
nt2-odwn:natuurkunde-n-1,natuurkunde,noun,tak v.d. exacte wetenschappen,A1,source_candidate_not_curated
nt2-odwn:tennis-n-1,tennis,noun,balsport met racket op een baan,A1,source_candidate_not_curated
nt2-odwn:last-n-2,last,noun,hinder,A1,source_candidate_not_curated
nt2-odwn:winkelcentrum-n-1,winkelcentrum,noun,(overdekte) plaats met diverse winkels,A1,source_candidate_not_curated
nt2-odwn:taxichauffeur-n-1,taxichauffeur,noun,bestuurder v.e. taxi,A1,source_candidate_not_curated
nt2-odwn:lui-n-1,lui,noun,lieden,A1,source_candidate_not_curated
nt2-odwn:loop-n-4,loop,noun,het hardlopen,A1,source_candidate_not_curated
nt2-odwn:nodigen-v-1,nodigen,verb,uitnodigen,A1,source_candidate_not_curated
nt2-odwn:verbranden-v-3,verbranden,verb,bruin of rood worden,A1,source_candidate_not_curated
nt2-odwn:tip-n-1,tip,noun,inlichting,A1,source_candidate_not_curated
nt2-odwn:oefening-n-1,oefening,noun,opgave om van te leren,A1,source_candidate_not_curated
nt2-odwn:elektriciteit-n-1,elektriciteit,noun,vorm van energie,A1,source_candidate_not_curated
nt2-odwn:zit-n-2,zit,noun,wijze van zitten,A1,source_candidate_not_curated
nt2-odwn:feliciteren-v-1,feliciteren,verb,gelukwensen,A1,source_candidate_not_curated
nt2-odwn:hotdog-n-1,hotdog,noun,broodje worst,A1,source_candidate_not_curated
nt2-odwn:makelaar-n-1,makelaar,noun,tussenpersoon in (onroerend) goed,A1,source_candidate_not_curated
nt2-odwn:frisdrank-n-1,frisdrank,noun,"verfrissende, alcoholvrije drank",A1,source_candidate_not_curated
nt2-odwn:schooldag-n-1,schooldag,noun,dag waarop er school is,A1,source_candidate_not_curated
nt2-odwn:terminal-n-1,terminal,noun,eindstation v.e. computernet,A1,source_candidate_not_curated
nt2-odwn:was-n-2,was,noun,het doen v.e. was,A1,source_candidate_not_curated
nt2-odwn:aardbei-n-1,aardbei,noun,rode schijnvrucht,A1,source_candidate_not_curated
nt2-odwn:buur-n-1,buur,noun,buurman- of vrouw,A1,source_candidate_not_curated
nt2-odwn:wisselen-v-5,wisselen,verb,groot geld ruilen voor klein geld of geld ruilen voor,A1,source_candidate_not_curated
nt2-odwn:stroopwafel-n-1,stroopwafel,noun,wafels met stroop ertussen als koek,A1,source_candidate_not_curated
nt2-odwn:plannen-v-1,plannen,verb,een plan maken,A1,source_candidate_not_curated
nt2-odwn:zakdoek-n-1,zakdoek,noun,doek om je neus in te snuiten,A1,source_candidate_not_curated
nt2-odwn:administratie-n-3,administratie,noun,stukken die tot een bepaald beheer horen,A1,source_candidate_not_curated
nt2-odwn:geschiedenisboek-n-1,geschiedenisboek,noun,boek over geschiedenis,A1,source_candidate_not_curated
nt2-odwn:ondergoed-n-1,ondergoed,noun,kleding die je direct op je lijf draagt,A1,source_candidate_not_curated
nt2-odwn:dansles-n-1,dansles,noun,les om te leren dansen,A1,source_candidate_not_curated
nt2-odwn:e-mail-n-1,e-mail,noun,elektronische post,A1,source_candidate_not_curated
nt2-odwn:kalender-n-1,kalender,noun,gedrukt overzicht v.h. jaar,A1,source_candidate_not_curated
nt2-odwn:klaslokaal-n-1,klaslokaal,noun,lesruimte in een school,A1,source_candidate_not_curated
nt2-odwn:luchtvaartmaatschappij-n-1,luchtvaartmaatschappij,noun,bedrijf in de luchtvaart,A1,source_candidate_not_curated
nt2-odwn:inwonen-v-1,inwonen,verb,in huis wonen bij,A1,source_candidate_not_curated
nt2-odwn:miss-n-1,miss,noun,(titel v.h.) mooiste meisje,A1,source_candidate_not_curated
nt2-odwn:kam-n-1,kam,noun,instrumentje om het haar mee op te maken,A1,source_candidate_not_curated
nt2-odwn:luis-n-1,luis,noun,insect-parasiet,A1,source_candidate_not_curated
nt2-odwn:spaghetti-n-1,spaghetti,noun,Italiaans gerecht van slierten deegwaar,A1,source_candidate_not_curated
nt2-odwn:busstation-n-1,busstation,noun,centrale halte van bussen,A1,source_candidate_not_curated
nt2-odwn:chip-n-2,chip,noun,elektronische schakeling,A1,source_candidate_not_curated
nt2-odwn:afwas-n-1,afwas,noun,te wassen servies etc.,A1,source_candidate_not_curated
nt2-odwn:studentenhuis-n-1,studentenhuis,noun,huis waar studenten wonen,A1,source_candidate_not_curated
nt2-odwn:rechterkant-n-1,rechterkant,noun,rechtse zijde,A1,source_candidate_not_curated
nt2-odwn:autorijden-v-1,autorijden,verb,rijden met een auto,A1,source_candidate_not_curated
nt2-odwn:vaart-n-1,vaart,noun,flinke snelheid,A1,source_candidate_not_curated
nt2-odwn:kapitein-n-1,kapitein,noun,baas op een schip,A2,source_candidate_not_curated
nt2-odwn:geest-n-1,geest,noun,ziel,A2,source_candidate_not_curated
nt2-odwn:kop-n-1,kop,noun,hoofd v.e. lichaam,A2,source_candidate_not_curated
nt2-odwn:schip-n-1,schip,noun,vaartuig,A2,source_candidate_not_curated
nt2-odwn:schat-n-3,schat,noun,koosnaampje,A2,source_candidate_not_curated
nt2-odwn:halen-v-4,halen,verb,met inspanning verwerven,A2,source_candidate_not_curated
nt2-odwn:kop-n-6,kop,noun,het voorste of bovenste deel van het dierlijk lichaam,A2,source_candidate_not_curated
nt2-odwn:vent-n-1,vent,noun,man,A2,source_candidate_not_curated
nt2-odwn:halen-v-2,halen,verb,ophalen,A2,source_candidate_not_curated
nt2-odwn:wapen-n-1,wapen,noun,instrument om mee te vechten,A2,source_candidate_not_curated
nt2-odwn:soldaat-n-1,soldaat,noun,militair,A2,source_candidate_not_curated
nt2-odwn:vijand-n-1,vijand,noun,iemand die haat of gehaat wordt,A2,source_candidate_not_curated
nt2-odwn:gevangenis-n-1,gevangenis,noun,plaats voor gevangenen,A2,source_candidate_not_curated
nt2-odwn:stap-n-1,stap,noun,pas,A2,source_candidate_not_curated
nt2-odwn:bezoek-n-2,bezoek,noun,personen op bezoek,A2,source_candidate_not_curated
nt2-odwn:onzin-n-1,onzin,noun,nonsens,A2,source_candidate_not_curated
nt2-odwn:vermoorden-v-1,vermoorden,verb,doden,A2,source_candidate_not_curated
nt2-odwn:beest-n-1,beest,noun,dier,A2,source_candidate_not_curated
nt2-odwn:eind-n-1,eind,noun,afloop,A2,source_candidate_not_curated
nt2-odwn:eind-n-3,eind,noun,punt waar iets eindigt,A2,source_candidate_not_curated
nt2-odwn:koningin-n-1,koningin,noun,vrouw v.d. heerser over een land,A2,source_candidate_not_curated
nt2-odwn:eind-n-2,eind,noun,zekere lengte of afstand,A2,source_candidate_not_curated
nt2-odwn:halen-v-1,halen,verb,onder zijn bereik brengen,A2,source_candidate_not_curated
nt2-odwn:schat-n-1,schat,noun,veel geld of kostbare voorwerpen,A2,source_candidate_not_curated
nt2-odwn:beest-n-2,beest,noun,wreed en onbeschoft mens,A2,source_candidate_not_curated
nt2-odwn:boodschap-n-2,boodschap,noun,mededeling,A2,source_candidate_not_curated
nt2-odwn:schip-n-2,schip,noun,hoofdgedeelte v.e. kerkgebouw,A2,source_candidate_not_curated
nt2-odwn:bevel-n-1,bevel,noun,opdracht,A2,source_candidate_not_curated
nt2-odwn:koningin-n-5,koningin,noun,vrouwelijk insect,A2,source_candidate_not_curated
nt2-odwn:koningin-n-2,koningin,noun,vrouwelijke koning,A2,source_candidate_not_curated
nt2-odwn:zwaard-n-1,zwaard,noun,slag- of steekwapen met lange kling,A2,source_candidate_not_curated
nt2-odwn:lieverd-n-1,lieverd,noun,geliefde,A2,source_candidate_not_curated
nt2-odwn:juffrouw-n-3,juffrouw,noun,mens van het vrouwelijk geslacht,A2,source_candidate_not_curated
nt2-odwn:professor-n-1,professor,noun,(iemand met de functie van) hoogleraar,A2,source_candidate_not_curated
nt2-odwn:wonder-n-1,wonder,noun,iets moois maar onverklaarbaars,A2,source_candidate_not_curated
nt2-odwn:stellen-v-4,stellen,verb,beweren,A2,source_candidate_not_curated
nt2-odwn:graf-n-1,graf,noun,individuele begraafplaats,A2,source_candidate_not_curated
nt2-odwn:priester-n-1,priester,noun,geestelijke v.d. rooms-katholieke kerk,A2,source_candidate_not_curated
nt2-odwn:kasteel-n-1,kasteel,noun,"groot, middeleeuws bouwwerk",A2,source_candidate_not_curated
nt2-odwn:leider-n-1,leider,noun,aanvoerder v.e. groep mensen,A2,source_candidate_not_curated
nt2-odwn:snappen-v-1,snappen,verb,begrijpen,A2,source_candidate_not_curated
nt2-odwn:bewaker-n-1,bewaker,noun,iemand die bewaakt,A2,source_candidate_not_curated
nt2-odwn:liegen-v-1,liegen,verb,leugen spreken,A2,source_candidate_not_curated
nt2-odwn:kloppen-v-3,kloppen,verb,correct zijn,A2,source_candidate_not_curated
nt2-odwn:kust-n-1,kust,noun,land langs de zee,A2,source_candidate_not_curated
nt2-odwn:raken-v-4,raken,verb,in die toestand komen,A2,source_candidate_not_curated
nt2-odwn:boord-n-4,boord,noun,ruimte in een boot of luchtvaartuig,A2,source_candidate_not_curated
nt2-odwn:bekijken-v-2,bekijken,verb,een oordeel vormen,A2,source_candidate_not_curated
nt2-odwn:misdaad-n-1,misdaad,noun,zware overtreding v.d. wet,A2,source_candidate_not_curated
nt2-odwn:kracht-n-1,kracht,noun,sterkte v.h. lichaam,A2,source_candidate_not_curated
nt2-odwn:juffrouw-n-1,juffrouw,noun,lerares in het basisonderwijs,A2,source_candidate_not_curated
nt2-odwn:stappen-v-2,stappen,verb,op stap gaan,A2,source_candidate_not_curated
nt2-odwn:verrassing-n-1,verrassing,noun,iets onverwachts,A2,source_candidate_not_curated
nt2-odwn:lijk-n-1,lijk,noun,stoffelijk overschot,A2,source_candidate_not_curated
nt2-odwn:kist-n-1,kist,noun,grote houten doos,A2,source_candidate_not_curated
nt2-odwn:vampier-n-1,vampier,noun,levende dode die zich voedt met bloed,A2,source_candidate_not_curated
nt2-odwn:volk-n-6,volk,noun,bijen of andere in groepen levende insekten,A2,source_candidate_not_curated
nt2-odwn:kist-n-3,kist,noun,voor een dode,A2,source_candidate_not_curated
nt2-odwn:teken-n-1,teken,noun,dat wat iets aanduidt,A2,source_candidate_not_curated
nt2-odwn:schelen-v-3,schelen,verb,ter harte gaan,A2,source_candidate_not_curated
nt2-odwn:heks-n-1,heks,noun,vrouwelijke tovenaar,A2,source_candidate_not_curated
nt2-odwn:voedsel-n-1,voedsel,noun,eten,A2,source_candidate_not_curated
nt2-odwn:bron-n-1,bron,noun,plaats waar water uit de grond komt,A2,source_candidate_not_curated
nt2-odwn:vijand-n-2,vijand,noun,vijandig leger,A2,source_candidate_not_curated
nt2-odwn:kelder-n-1,kelder,noun,verdieping onder straatniveau,A2,source_candidate_not_curated
nt2-odwn:kist-n-2,kist,noun,vliegtuig,A2,source_candidate_not_curated
nt2-odwn:ziel-n-1,ziel,noun,het innerlijke v.d. mens,A2,source_candidate_not_curated
nt2-odwn:kerst-n-1,kerst,noun,kerstmis,A2,source_candidate_not_curated
nt2-odwn:kracht-n-6,kracht,noun,personificatie van macht of vermogen,A2,source_candidate_not_curated
nt2-odwn:seks-n-1,seks,noun,seksuele omgang,A2,source_candidate_not_curated
nt2-odwn:lied-n-2,lied,noun,iets wat lijkt op een lied,A2,source_candidate_not_curated
nt2-odwn:raad-n-2,raad,noun,groep mensen die advies geeft,A2,source_candidate_not_curated
nt2-odwn:spijten-v-1,spijten,verb,spijt hebben,A2,source_candidate_not_curated
nt2-odwn:verstand-n-1,verstand,noun,vermogen te begrijpen,A2,source_candidate_not_curated
nt2-odwn:rol-n-1,rol,noun,iets dat cilindervormig is opgerold,A2,source_candidate_not_curated
nt2-odwn:kruis-n-1,kruis,noun,twee elkaar snijdende lijnen of balken,A2,source_candidate_not_curated
nt2-odwn:toren-n-3,toren,noun,iets met de vorm v.e. toren,A2,source_candidate_not_curated
nt2-odwn:verstandig-a-1,verstandig,adjective,intelligent,A2,source_candidate_not_curated
nt2-odwn:halen-v-3,halen,verb,ontbieden,A2,source_candidate_not_curated
nt2-odwn:wraak-n-1,wraak,noun,vergelding van onrecht of leed,A2,source_candidate_not_curated
nt2-odwn:lijf-n-1,lijf,noun,menselijk of dierlijk lijf,A2,source_candidate_not_curated
nt2-odwn:kop-n-7,kop,noun,"van opnameapparatuur, dat opnemen en wissen regelt",A2,source_candidate_not_curated
nt2-odwn:traan-n-1,traan,noun,druppel oogvocht,A2,source_candidate_not_curated
nt2-odwn:bewijs-n-2,bewijs,noun,bewijsstuk,A2,source_candidate_not_curated
nt2-odwn:bediende-n-2,bediende,noun,huisbediende,A2,source_candidate_not_curated
nt2-odwn:ridder-n-1,ridder,noun,man uit de ridderstand,A2,source_candidate_not_curated
nt2-odwn:toren-n-1,toren,noun,"smal, hoog bouwwerk",A2,source_candidate_not_curated
nt2-odwn:ellende-n-1,ellende,noun,"nare situatie, toestand",A2,source_candidate_not_curated
nt2-odwn:pijp-n-3,pijp,noun,instrument om tabak te roken,A2,source_candidate_not_curated
nt2-odwn:enthousiast-a-1,enthousiast,adjective,geestdriftig,A2,source_candidate_not_curated
nt2-odwn:zonde-n-1,zonde,noun,overtreding v.d. voorschriften,A2,source_candidate_not_curated
nt2-odwn:klap-n-1,klap,noun,kort geluid van twee dingen tegen elkaar,A2,source_candidate_not_curated
nt2-odwn:aflopen-v-3,aflopen,verb,eindigen,A2,source_candidate_not_curated
nt2-odwn:bende-n-3,bende,noun,groep van ongure individuen,A2,source_candidate_not_curated
nt2-odwn:mama-n-1,mama,noun,moeder,B1,source_candidate_not_curated
nt2-odwn:dronken-a-1,dronken,adjective,beschonken,B1,source_candidate_not_curated
nt2-odwn:stellen-v-2,stellen,verb,aannemen,B1,source_candidate_not_curated
nt2-odwn:wagen-n-3,wagen,noun,motorrijtuig,B1,source_candidate_not_curated
nt2-odwn:stellen-v-1,stellen,verb,plaatsen,B1,source_candidate_not_curated
nt2-odwn:papa-n-1,papa,noun,vader,B1,source_candidate_not_curated
nt2-odwn:indrukwekkend-a-1,indrukwekkend,adjective,imponerend,B1,source_candidate_not_curated
nt2-odwn:actie-n-2,actie,noun,manifestatie,B1,source_candidate_not_curated
nt2-odwn:energie-n-1,energie,noun,werkkracht,B1,source_candidate_not_curated
nt2-odwn:president-n-1,president,noun,staatshoofd v.e. republiek,B1,source_candidate_not_curated
nt2-odwn:rechter-n-1,rechter,noun,iemand belast met de rechtspraak,B1,source_candidate_not_curated
nt2-odwn:slachtoffer-n-2,slachtoffer,noun,dier dat wordt geslacht en geofferd,B1,source_candidate_not_curated
nt2-odwn:geweld-n-1,geweld,noun,fysieke machtsuitoefening,B1,source_candidate_not_curated
nt2-odwn:lied-n-1,lied,noun,(op muziek) gezongen gedicht,B1,source_candidate_not_curated
nt2-odwn:belang-n-2,belang,noun,waarde,B1,source_candidate_not_curated
nt2-odwn:publiek-n-1,publiek,noun,alle toeschouwers,B1,source_candidate_not_curated
nt2-odwn:slaap-n-4,slaap,noun,rusttoestand van planten,B1,source_candidate_not_curated
nt2-odwn:pardon-n-1,pardon,noun,kwijtschelding v.e. straf,B1,source_candidate_not_curated
nt2-odwn:last-n-1,last,noun,vracht die je meedraagt,B1,source_candidate_not_curated
nt2-odwn:lot-n-1,lot,noun,deelnamebewijs met nummer v.e. loterij,B1,source_candidate_not_curated
nt2-odwn:slachtoffer-n-1,slachtoffer,noun,iemand getroffen door de omstandigheden,B1,source_candidate_not_curated
nt2-odwn:interesse-n-1,interesse,noun,belangstelling,B1,source_candidate_not_curated
nt2-odwn:minister-n-1,minister,noun,hoofd v.e. ministerie,B1,source_candidate_not_curated
nt2-odwn:basis-n-1,basis,noun,fundament,B1,source_candidate_not_curated
nt2-odwn:medelijden-n-1,medelijden,noun,het meevoelen met een ander,B1,source_candidate_not_curated
nt2-odwn:rol-n-3,rol,noun,functie binnen een groter geheel,B1,source_candidate_not_curated
nt2-odwn:camera-n-1,camera,noun,foto- of filmapparaat,B1,source_candidate_not_curated
nt2-odwn:steun-n-2,steun,noun,(emotionele) hulp,B1,source_candidate_not_curated
nt2-odwn:bezoek-n-1,bezoek,noun,visite,B1,source_candidate_not_curated
nt2-odwn:raad-n-1,raad,noun,advies,B1,source_candidate_not_curated
nt2-odwn:lol-n-1,lol,noun,vermaak,B1,source_candidate_not_curated
nt2-odwn:orde-n-3,orde,noun,groep kloosterlingen,B1,source_candidate_not_curated
nt2-odwn:jeugd-n-1,jeugd,noun,kinderperiode,B1,source_candidate_not_curated
nt2-odwn:slag-n-6,slag,noun,vaardigheid,B1,source_candidate_not_curated
nt2-odwn:shit-n-2,shit,noun,rotzooi,B1,source_candidate_not_curated
nt2-odwn:herinnering-n-1,herinnering,noun,iets dat je je herinnert,B1,source_candidate_not_curated
nt2-odwn:rand-n-3,rand,noun,bepaalde munteenheid,B1,source_candidate_not_curated
nt2-odwn:winnaar-n-1,winnaar,noun,iemand die gewonnen heeft,B1,source_candidate_not_curated
nt2-odwn:beeld-n-3,beeld,noun,voorstelling,B1,source_candidate_not_curated
nt2-odwn:positie-n-4,positie,noun,stand v.e. lichaam/lichaamsdeel,B1,source_candidate_not_curated
nt2-odwn:feit-n-1,feit,noun,wat werkelijk zo is (gebeurd),B1,source_candidate_not_curated
nt2-odwn:streek-n-3,streek,noun,"poets, kattenkwaad",B1,source_candidate_not_curated
nt2-odwn:plots-a-1,plots,adjective,plotseling,B1,source_candidate_not_curated
nt2-odwn:humor-n-1,humor,noun,het komische,B1,source_candidate_not_curated
nt2-odwn:gouverneur-n-3,gouverneur,noun,hoofd v.d. Nationale bank van België,B1,source_candidate_not_curated
nt2-odwn:vriendschap-n-2,vriendschap,noun,daad waaruit het vriend-zijn blijkt,B1,source_candidate_not_curated
nt2-odwn:woede-n-1,woede,noun,grote boosheid,B1,source_candidate_not_curated
nt2-odwn:burger-n-2,burger,noun,gewoon lid v.d. bevolking,B1,source_candidate_not_curated
nt2-odwn:whisky-n-1,whisky,noun,bepaalde sterkedrank,B1,source_candidate_not_curated
nt2-odwn:indruk-n-1,indruk,noun,impressie,B1,source_candidate_not_curated
nt2-odwn:slaap-n-2,slaap,noun,elk v.d. zijvlakken v.h. hoofd,B1,source_candidate_not_curated
nt2-odwn:vlucht-n-4,vlucht,noun,tocht met een vliegtuig,B1,source_candidate_not_curated
nt2-odwn:rand-n-1,rand,noun,buitenste gedeelte v.e. vlak,B1,source_candidate_not_curated
nt2-odwn:actie-n-1,actie,noun,beweging,B1,source_candidate_not_curated
nt2-odwn:echtgenoot-n-1,echtgenoot,noun,man met wie men getrouwd is,B1,source_candidate_not_curated
nt2-odwn:menen-v-1,menen,verb,serieus zijn,B1,source_candidate_not_curated
nt2-odwn:hekel-n-1,hekel,noun,afkeer,B1,source_candidate_not_curated
nt2-odwn:artikel-n-1,artikel,noun,te publiceren stuk,B1,source_candidate_not_curated
nt2-odwn:gebeurtenis-n-1,gebeurtenis,noun,iets dat gebeurt,B1,source_candidate_not_curated
nt2-odwn:klootzak-n-1,klootzak,noun,rotvent,B1,source_candidate_not_curated
nt2-odwn:paleis-n-1,paleis,noun,woning v.e. vorst,B1,source_candidate_not_curated
nt2-odwn:slaap-n-5,slaap,noun,behoefte aan nachtrust,B1,source_candidate_not_curated
nt2-odwn:raken-v-1,raken,verb,"met een klap, stoot, schot enz. treffen",B1,source_candidate_not_curated
nt2-odwn:inspecteur-n-1,inspecteur,noun,iemand die toezicht uitoefent,B1,source_candidate_not_curated
nt2-odwn:beurt-n-1,beurt,noun,gelegenheid dat men aan bod komt,B1,source_candidate_not_curated
nt2-odwn:beer-n-2,beer,noun,mannetjesvarken,B1,source_candidate_not_curated
nt2-odwn:schudden-v-2,schudden,verb,heen en weer bewegen,B1,source_candidate_not_curated
nt2-odwn:detective-n-2,detective,noun,boek of film over oplossen van misdaad,B1,source_candidate_not_curated
nt2-odwn:avontuur-n-1,avontuur,noun,spannende belevenis,B1,source_candidate_not_curated
nt2-odwn:onverwacht-a-1,onverwacht,adjective,plotseling,B1,source_candidate_not_curated
nt2-odwn:rommel-n-1,rommel,noun,troep,B1,source_candidate_not_curated
nt2-odwn:schaduw-n-2,schaduw,noun,donkere vorm,B1,source_candidate_not_curated
nt2-odwn:ogenblik-n-1,ogenblik,noun,korte tijd,B1,source_candidate_not_curated
nt2-odwn:kloppen-v-2,kloppen,verb,mbt. het hart,B1,source_candidate_not_curated
nt2-odwn:haten-v-1,haten,verb,een afkeer hebben van,B1,source_candidate_not_curated
nt2-odwn:hof-n-1,hof,noun,de hele omgeving te midden waarvan een vorst leeft,B1,source_candidate_not_curated
nt2-odwn:bruid-n-1,bruid,noun,vrouw die trouwt,B1,source_candidate_not_curated
nt2-odwn:interesseren-v-1,interesseren,verb,belangstelling kweken bij iemand,B1,source_candidate_not_curated
nt2-odwn:geweer-n-1,geweer,noun,vuurwapen,B1,source_candidate_not_curated
nt2-odwn:wolf-n-1,wolf,noun,hondachtig roofdier,B1,source_candidate_not_curated
nt2-odwn:overleven-v-2,overleven,verb,later sterven dan,B1,source_candidate_not_curated
nt2-odwn:houding-n-2,houding,noun,gedragswijze,B1,source_candidate_not_curated
nt2-odwn:tegenhouden-v-2,tegenhouden,verb,niet verder laten doen,B1,source_candidate_not_curated
nt2-odwn:bediende-n-1,bediende,noun,"winkel-, kantoorbediende",B1,source_candidate_not_curated
nt2-odwn:opzetten-v-1,opzetten,verb,oprichten,B1,source_candidate_not_curated
nt2-odwn:burger-n-1,burger,noun,inwoner van gemeente of land,B1,source_candidate_not_curated
nt2-odwn:danken-v-3,danken,verb,bidden,B1,source_candidate_not_curated
nt2-odwn:poort-n-1,poort,noun,doorgang in een muur,B1,source_candidate_not_curated
nt2-odwn:kapitein-n-2,kapitein,noun,militaire rang,B1,source_candidate_not_curated
nt2-odwn:middel-n-3,middel,noun,stof om bepaalde fysieke effecten teweeg te brengen,B1,source_candidate_not_curated
nt2-odwn:zuster-n-3,zuster,noun,vrouwelijk lid v.e. kloosterorde,B1,source_candidate_not_curated
nt2-odwn:proces-n-1,proces,noun,rechtszaak,B1,source_candidate_not_curated
nt2-odwn:plaat-n-1,plaat,noun,gedrukte afbeelding,B1,source_candidate_not_curated
nt2-odwn:verklaren-v-1,verklaren,verb,ophelderen,B1,source_candidate_not_curated
nt2-odwn:bestuur-n-1,bestuur,noun,het leiden of regelen,B1,source_candidate_not_curated
nt2-odwn:rand-n-2,rand,noun,bovenste gedeelte van iets met inhoud,B1,source_candidate_not_curated
nt2-odwn:schelen-v-1,schelen,verb,afwijken,B1,source_candidate_not_curated
nt2-odwn:hel-n-2,hel,noun,verschrikkelijke plaats,B1,source_candidate_not_curated
nt2-odwn:stal-n-1,stal,noun,verblijf voor vee,B1,source_candidate_not_curated
nt2-odwn:effect-n-1,effect,noun,gevolg,B1,source_candidate_not_curated
nt2-odwn:toegang-n-1,toegang,noun,plaats waar je ergens binnengaat,B1,source_candidate_not_curated
nt2-odwn:begraven-v-1,begraven,verb,(een dode) ter aarde bestellen,B1,source_candidate_not_curated
nt2-odwn:getuige-n-1,getuige,noun,aanwezige bij een gebeurtenis,B1,source_candidate_not_curated
nt2-odwn:poort-n-2,poort,noun,koppeling tussen computer en randapparatuur,B1,source_candidate_not_curated
nt2-odwn:beweging-n-1,beweging,noun,het bewegen,B1,source_candidate_not_curated
nt2-odwn:onnodig-a-1,onnodig,adjective,niet nodig,B1,source_candidate_not_curated
nt2-odwn:show-n-2,show,noun,tentoonstelling/presentatie,B1,source_candidate_not_curated
nt2-odwn:gelegenheid-n-1,gelegenheid,noun,geboden mogelijkheid,B1,source_candidate_not_curated
nt2-odwn:verklaring-n-1,verklaring,noun,officieel document als mededeling,B1,source_candidate_not_curated
nt2-odwn:verstoppen-v-1,verstoppen,verb,verbergen,B1,source_candidate_not_curated
nt2-odwn:vlucht-n-3,vlucht,noun,groep vogels,B1,source_candidate_not_curated
nt2-odwn:talent-n-1,talent,noun,natuurlijke aanleg voor iets,B1,source_candidate_not_curated
nt2-odwn:video-n-2,video,noun,band waarop je tv-beelden kunt opnemen,B1,source_candidate_not_curated
nt2-odwn:onderdeel-n-1,onderdeel,noun,gedeelte,B1,source_candidate_not_curated
nt2-odwn:pad-n-4,pad,noun,computerverwijzing naar een specifiek bestand,B1,source_candidate_not_curated
nt2-odwn:tiener-n-1,tiener,noun,teenager,B1,source_candidate_not_curated
nt2-odwn:traditie-n-1,traditie,noun,maatschappelijk gebruik,B1,source_candidate_not_curated
nt2-odwn:beeld-n-1,beeld,noun,beeldhouwwerk,B1,source_candidate_not_curated
nt2-odwn:uitstekend-a-1,uitstekend,adjective,voortreffelijk,B1,source_candidate_not_curated
nt2-odwn:doodgaan-v-1,doodgaan,verb,sterven,B1,source_candidate_not_curated
nt2-odwn:aanbod-n-2,aanbod,noun,dat wat aangeboden wordt,B1,source_candidate_not_curated
nt2-odwn:tekenen-v-1,tekenen,verb,een tekening maken,B1,source_candidate_not_curated
nt2-odwn:volk-n-4,volk,noun,lagere sociale klassen,B1,source_candidate_not_curated
nt2-odwn:ontslaan-v-1,ontslaan,verb,mbt. werk,B1,source_candidate_not_curated
nt2-odwn:overeenkomst-n-2,overeenkomst,noun,afspraak,B1,source_candidate_not_curated
nt2-odwn:vormen-v-1,vormen,verb,een gedaante geven,B1,source_candidate_not_curated
nt2-odwn:piano-n-1,piano,noun,groot snaarinstrument,B1,source_candidate_not_curated
nt2-odwn:diner-n-1,diner,noun,feestelijke maaltijd,B1,source_candidate_not_curated
nt2-odwn:grootvader-n-1,grootvader,noun,vader van vader of moeder,B1,source_candidate_not_curated
nt2-odwn:walvis-n-1,walvis,noun,groot in zee levend zoogdier,B1,source_candidate_not_curated
nt2-odwn:slag-n-1,slag,noun,fysieke klap,B1,source_candidate_not_curated
nt2-odwn:held-n-1,held,noun,dapper persoon,B1,source_candidate_not_curated
nt2-odwn:theater-n-1,theater,noun,zaal/gebouw voor toneelvoorstellingen,B1,source_candidate_not_curated
nt2-odwn:stellen-v-7,stellen,verb,instrument etc. afstellen,B1,source_candidate_not_curated
nt2-odwn:voorwaarde-n-1,voorwaarde,noun,dat waaraan iets moet voldoen,B1,source_candidate_not_curated
nt2-odwn:test-n-4,test,noun,controle op geschiktheid of kwaliteit,B1,source_candidate_not_curated
nt2-odwn:dader-n-1,dader,noun,iemand die iets strafbaars gedaan heeft,B1,source_candidate_not_curated
nt2-odwn:zweren-v-1,zweren,verb,een eed afleggen,B1,source_candidate_not_curated
nt2-odwn:bewijs-n-1,bewijs,noun,iets waaruit juistheid blijkt,B1,source_candidate_not_curated
nt2-odwn:kerstfeest-n-1,kerstfeest,noun,feest op 25 en 26 december,B1,source_candidate_not_curated
nt2-odwn:dek-n-2,dek,noun,vloer buiten op een schip,B1,source_candidate_not_curated
nt2-odwn:journalist-n-1,journalist,noun,iemand v.d. pers,B1,source_candidate_not_curated
nt2-odwn:aannemen-v-5,aannemen,verb,in dienst nemen,B1,source_candidate_not_curated
nt2-odwn:bezit-n-1,bezit,noun,eigendom,B1,source_candidate_not_curated
nt2-odwn:overkant-n-1,overkant,noun,gene zijde,B1,source_candidate_not_curated
nt2-odwn:kop-n-4,kop,noun,bovenste vette regel v.e. artikel,B1,source_candidate_not_curated
nt2-odwn:rotzooi-n-1,rotzooi,noun,troep,B1,source_candidate_not_curated
nt2-odwn:overwinning-n-1,overwinning,noun,het behalen v.d. zege,B1,source_candidate_not_curated
nt2-odwn:smeken-v-1,smeken,verb,dringend vragen,B1,source_candidate_not_curated
nt2-odwn:jacht-n-1,jacht,noun,wilde dieren vangen of te doden,B1,source_candidate_not_curated
nt2-odwn:koningin-n-4,koningin,noun,bepaalde speelkaart,B1,source_candidate_not_curated
nt2-odwn:ontslag-n-1,ontslag,noun,beëindiging v.e. arbeidsovereenkomst,B1,source_candidate_not_curated
nt2-odwn:parkeerplaats-n-1,parkeerplaats,noun,ruimte om te parkeren,B1,source_candidate_not_curated
nt2-odwn:branden-v-1,branden,verb,in brand staan,B1,source_candidate_not_curated
nt2-odwn:relatie-n-3,relatie,noun,verband tussen dingen en zaken in abstracte zin,B1,source_candidate_not_curated
nt2-odwn:bek-n-2,bek,noun,mond van mens,B1,source_candidate_not_curated
nt2-odwn:politieagent-n-1,politieagent,noun,iemand in dienst bij de politie,B1,source_candidate_not_curated
nt2-odwn:voorstelling-n-2,voorstelling,noun,afbeelding,B1,source_candidate_not_curated
nt2-odwn:wapen-n-2,wapen,noun,(schild als) herkenningsteken,B1,source_candidate_not_curated
nt2-odwn:ontsnappen-v-3,ontsnappen,verb,zich onttrekken aan een taak of plicht,B1,source_candidate_not_curated
nt2-odwn:verschijnen-v-2,verschijnen,verb,uitgegeven worden,B1,source_candidate_not_curated
nt2-odwn:verstoppen-v-2,verstoppen,verb,dichtstoppen,B1,source_candidate_not_curated
nt2-odwn:theater-n-2,theater,noun,alle soorten toneelproducties,B1,source_candidate_not_curated
nt2-odwn:letten-v-1,letten,verb,extra aandacht schenken,B1,source_candidate_not_curated
nt2-odwn:golf-n-4,golf,noun,grote zee-inham,B1,source_candidate_not_curated
nt2-odwn:vlag-n-1,vlag,noun,doek als symbool v.e. partij of land,B1,source_candidate_not_curated
nt2-odwn:maatschappij-n-1,maatschappij,noun,samenleving,B1,source_candidate_not_curated
nt2-odwn:achterlaten-v-1,achterlaten,verb,niet meenemen,B1,source_candidate_not_curated
nt2-odwn:zuster-n-2,zuster,noun,vrouw met dezelfde ouders,B1,source_candidate_not_curated
nt2-odwn:roos-n-1,roos,noun,bepaalde bloem,B1,source_candidate_not_curated
nt2-odwn:engel-n-3,engel,noun,overledene in de hemel,B1,source_candidate_not_curated
nt2-odwn:raken-v-3,raken,verb,aanraken,B1,source_candidate_not_curated
nt2-odwn:carrière-n-1,carrière,noun,loopbaan,B1,source_candidate_not_curated
nt2-odwn:regisseur-n-1,regisseur,noun,degene die de regie voert,B1,source_candidate_not_curated
nt2-odwn:verantwoordelijkheid-n-2,verantwoordelijkheid,noun,taak of klus die is opgedragen aan iemand,B1,source_candidate_not_curated
nt2-odwn:staart-n-2,staart,noun,bos samengebonden haar,B1,source_candidate_not_curated
nt2-odwn:koninkrijk-n-1,koninkrijk,noun,land met een koning(in),B1,source_candidate_not_curated
nt2-odwn:jongeman-n-1,jongeman,noun,jeugdige man,B1,source_candidate_not_curated
nt2-odwn:verband-n-1,verband,noun,doek ter verbinding v.e. wond,B1,source_candidate_not_curated
nt2-odwn:toestand-n-2,toestand,noun,iets vervelends of moeilijks,B1,source_candidate_not_curated
nt2-odwn:stap-n-2,stap,noun,afzonderlijke handeling,B1,source_candidate_not_curated
nt2-odwn:locatie-n-1,locatie,noun,plaats,B1,source_candidate_not_curated
nt2-odwn:beloning-n-1,beloning,noun,het belonen,B1,source_candidate_not_curated
nt2-odwn:aanval-n-1,aanval,noun,poging tot overmeestering,B1,source_candidate_not_curated
nt2-odwn:gids-n-1,gids,noun,begeleider,B1,source_candidate_not_curated
nt2-odwn:toestand-n-1,toestand,noun,staat,B1,source_candidate_not_curated
nt2-odwn:aanvallen-v-1,aanvallen,verb,een aanval doen,B1,source_candidate_not_curated
nt2-odwn:ontsnappen-v-1,ontsnappen,verb,ontvluchten,B1,source_candidate_not_curated
nt2-odwn:gsm-n-1,gsm,noun,mobiele telefoon,B1,source_candidate_not_curated
nt2-odwn:passagier-n-1,passagier,noun,reiziger,B1,source_candidate_not_curated
nt2-odwn:klooster-n-1,klooster,noun,gebouw voor monniken,B1,source_candidate_not_curated
nt2-odwn:kop-n-2,kop,noun,bovenkant van iets,B1,source_candidate_not_curated
nt2-odwn:kloppen-v-4,kloppen,verb,overwinnen,B1,source_candidate_not_curated
nt2-odwn:campagne-n-1,campagne,noun,publieke actie,B1,source_candidate_not_curated
nt2-odwn:speler-n-1,speler,noun,iemand die deelneemt aan sport,B1,source_candidate_not_curated
nt2-odwn:kleden-v-2,kleden,verb,van kleding voorzien,B1,source_candidate_not_curated
nt2-odwn:staart-n-1,staart,noun,verlengstuk v.d. ruggengraat v.e. dier,B1,source_candidate_not_curated
nt2-odwn:rit-n-1,rit,noun,tocht,B1,source_candidate_not_curated
nt2-odwn:vormen-v-3,vormen,verb,laten ontstaan,B1,source_candidate_not_curated
nt2-odwn:borrel-n-2,borrel,noun,drinkgelegenheid,B1,source_candidate_not_curated
nt2-odwn:opeten-v-1,opeten,verb,etend opmaken,B1,source_candidate_not_curated
nt2-odwn:engel-n-1,engel,noun,boodschapper van God,B1,source_candidate_not_curated
nt2-odwn:uitdaging-n-2,uitdaging,noun,iets dat uitdaagt,B1,source_candidate_not_curated
nt2-odwn:opschieten-v-3,opschieten,verb,(kunnen) omgaan met,B1,source_candidate_not_curated
nt2-odwn:middel-n-1,middel,noun,smalste deel v.h. bovenlichaam,B1,source_candidate_not_curated
nt2-odwn:verzinnen-v-1,verzinnen,verb,uitdenken,B1,source_candidate_not_curated
nt2-odwn:huwelijksreis-n-1,huwelijksreis,noun,reis direct na de huwelijksvoltrekking,B1,source_candidate_not_curated
nt2-odwn:commissaris-n-2,commissaris,noun,gevolmachtigde v.e. onderneming die namens de aandeelhouders belast is met het toezicht op en het adviseren van de directie van een onderneming,B1,source_candidate_not_curated
nt2-odwn:verkiezing-n-1,verkiezing,noun,het door stemmen aanwijzen,B1,source_candidate_not_curated
nt2-odwn:vleugel-n-1,vleugel,noun,armachtig lichaamsdeel van vogels,B1,source_candidate_not_curated
nt2-odwn:commandant-n-1,commandant,noun,degene die het bevel heeft,B1,source_candidate_not_curated
nt2-odwn:verstoppen-v-3,verstoppen,verb,zich verbergen,B1,source_candidate_not_curated
nt2-odwn:voertuig-n-1,voertuig,noun,vervoermiddel,B1,source_candidate_not_curated
nt2-odwn:gedragen-v-1,gedragen,verb,gedrag vertonen,B1,source_candidate_not_curated
nt2-odwn:komst-n-1,komst,noun,het (aan)komen,B1,source_candidate_not_curated
nt2-odwn:paniek-n-1,paniek,noun,plotse angstaanval,B1,source_candidate_not_curated
nt2-odwn:belofte-n-1,belofte,noun,toezegging,B1,source_candidate_not_curated
nt2-odwn:uitzien-v-1,uitzien,verb,verlangend wachten,B1,source_candidate_not_curated
nt2-odwn:jury-n-2,jury,noun,rechtscollege,B1,source_candidate_not_curated
nt2-odwn:veld-n-1,veld,noun,niet-bebouwd land,B1,source_candidate_not_curated
nt2-odwn:opera-n-1,opera,noun,vorm van toneel met muziek,B1,source_candidate_not_curated
nt2-odwn:schamen-v-1,schamen,verb,generen,B1,source_candidate_not_curated
nt2-odwn:beseffen-v-1,beseffen,verb,zich bewust zijn van,B1,source_candidate_not_curated
nt2-odwn:arresteren-v-1,arresteren,verb,inrekenen,B1,source_candidate_not_curated
nt2-odwn:toneelstuk-n-1,toneelstuk,noun,verhaal geschreven voor toneelopvoering,B1,source_candidate_not_curated
nt2-odwn:voordeur-n-1,voordeur,noun,hoofdingang,B1,source_candidate_not_curated
nt2-odwn:job-n-1,job,noun,betrekking,B1,source_candidate_not_curated
nt2-odwn:omstandigheid-n-1,omstandigheid,noun,achtergrond v.e. gebeurtenis,B1,source_candidate_not_curated
nt2-odwn:accepteren-v-2,accepteren,verb,als onvermijdelijk aanvaarden,B1,source_candidate_not_curated
nt2-odwn:vermoedelijk-a-1,vermoedelijk,adjective,zoals verondersteld,B1,source_candidate_not_curated
nt2-odwn:bruiloft-n-1,bruiloft,noun,trouwfeest,B1,source_candidate_not_curated
nt2-odwn:leugenaar-n-1,leugenaar,noun,iemand die (vaak) liegt,B1,source_candidate_not_curated
nt2-odwn:moeras-n-1,moeras,noun,drassige grond,B1,source_candidate_not_curated
nt2-odwn:inwoner-n-1,inwoner,noun,bewoner van stad of land,B1,source_candidate_not_curated
nt2-odwn:aanraken-v-1,aanraken,verb,even tegen aankomen,B1,source_candidate_not_curated
nt2-odwn:champagne-n-1,champagne,noun,Franse wijnsoort,B1,source_candidate_not_curated
nt2-odwn:vertrek-n-1,vertrek,noun,het weggaan,B1,source_candidate_not_curated
nt2-odwn:weglopen-v-1,weglopen,verb,weggaan,B1,source_candidate_not_curated
nt2-odwn:onderzoeken-v-1,onderzoeken,verb,navorsen,B1,source_candidate_not_curated
nt2-odwn:schoppen-v-1,schoppen,verb,een schop geven,B1,source_candidate_not_curated
nt2-odwn:val-n-4,val,noun,toestel om dieren te vangen,B1,source_candidate_not_curated
nt2-odwn:kracht-n-3,kracht,noun,psychisch vermogen,B1,source_candidate_not_curated
nt2-odwn:tragisch-a-1,tragisch,adjective,droevig,B1,source_candidate_not_curated
nt2-odwn:litteken-n-1,litteken,noun,overblijfsel v.e. genezen wond,B1,source_candidate_not_curated
nt2-odwn:keus-n-1,keus,noun,keer dat je kiest,B1,source_candidate_not_curated
nt2-odwn:ambulance-n-1,ambulance,noun,auto speciaal voor vervoer van zieken,B1,source_candidate_not_curated
nt2-odwn:dans-n-1,dans,noun,beweging op muziek,B1,source_candidate_not_curated
nt2-odwn:volk-n-1,volk,noun,alle mensen in een land,B1,source_candidate_not_curated
nt2-odwn:jagen-v-2,jagen,verb,opdrijven,B1,source_candidate_not_curated
nt2-odwn:misverstand-n-1,misverstand,noun,het elkaar verkeerd begrijpen,B1,source_candidate_not_curated
nt2-odwn:plegen-v-2,plegen,verb,begaan,B1,source_candidate_not_curated
nt2-odwn:verzoek-n-1,verzoek,noun,vraag aan iemand om iets te doen,B1,source_candidate_not_curated
nt2-odwn:echtgenote-n-1,echtgenote,noun,vrouw met wie men getrouwd is,B1,source_candidate_not_curated
nt2-odwn:toon-n-1,toon,noun,klank,B1,source_candidate_not_curated
nt2-odwn:verlangen-n-1,verlangen,noun,begeerte,B1,source_candidate_not_curated
nt2-odwn:bijeenkomst-n-1,bijeenkomst,noun,ontmoeting,B1,source_candidate_not_curated
nt2-odwn:verrader-n-1,verrader,noun,iemand die verraad pleegt,B1,source_candidate_not_curated
nt2-odwn:wijze-n-1,wijze,noun,manier,B1,source_candidate_not_curated
nt2-odwn:verklaring-n-2,verklaring,noun,opheldering,B1,source_candidate_not_curated
nt2-odwn:klap-n-4,klap,noun,"rampzalige ervaring, zwaar verlies",B1,source_candidate_not_curated
nt2-odwn:kou-n-1,kou,noun,het koud zijn,B1,source_candidate_not_curated
nt2-odwn:acteur-n-1,acteur,noun,toneel- of filmspeler,B1,source_candidate_not_curated
nt2-odwn:hof-n-2,hof,noun,hofhouding,B1,source_candidate_not_curated
nt2-odwn:wedden-v-1,wedden,verb,weddenschap aangaan,B1,source_candidate_not_curated
nt2-odwn:kost-n-1,kost,noun,te betalen geld,B1,source_candidate_not_curated
nt2-odwn:onderzoeken-v-2,onderzoeken,verb,medisch onderzoek doen,B1,source_candidate_not_curated
nt2-odwn:kritiek-n-1,kritiek,noun,meningsuiting mbt. fouten of gebreken,B1,source_candidate_not_curated
nt2-odwn:schaduw-n-1,schaduw,noun,plaats uit de zon of het licht,B1,source_candidate_not_curated
nt2-odwn:kroeg-n-1,kroeg,noun,café,B1,source_candidate_not_curated
nt2-odwn:ontmoeting-n-1,ontmoeting,noun,"samenkomst, al dan niet toevallig",B1,source_candidate_not_curated
nt2-odwn:staren-v-1,staren,verb,zonder besef kijken,B1,source_candidate_not_curated
nt2-odwn:handel-n-3,handel,noun,goederen,B1,source_candidate_not_curated
nt2-odwn:aflopen-v-5,aflopen,verb,schuin naar beneden hellen,B1,source_candidate_not_curated
nt2-odwn:pech-n-1,pech,noun,tegenslag,B1,source_candidate_not_curated
nt2-odwn:branden-v-3,branden,verb,warmte/licht uitstralen,B1,source_candidate_not_curated
nt2-odwn:verslaan-v-2,verslaan,verb,een verslag geven,B1,source_candidate_not_curated
nt2-odwn:aanklacht-n-1,aanklacht,noun,formele beschuldiging,B1,source_candidate_not_curated
nt2-odwn:pastoor-n-1,pastoor,noun,hoofd v.e. rooms-katholieke parochie,B1,source_candidate_not_curated
nt2-odwn:weddenschap-n-1,weddenschap,noun,het inzetten van geld over een bewering,B1,source_candidate_not_curated
nt2-odwn:bek-n-1,bek,noun,snavel of muil,B1,source_candidate_not_curated
nt2-odwn:boord-n-1,boord,noun,rand om halsopening,B1,source_candidate_not_curated
nt2-odwn:klap-n-2,klap,noun,tik tegen iemands lichaam,B1,source_candidate_not_curated
nt2-odwn:middernacht-n-1,middernacht,noun,tijdstip van twaalf uur 's nachts,B1,source_candidate_not_curated
nt2-odwn:aanslag-n-6,aanslag,noun,belastingbiljet,B1,source_candidate_not_curated
nt2-odwn:beker-n-1,beker,noun,mok,B1,source_candidate_not_curated
nt2-odwn:zoen-n-2,zoen,noun,vrede,B1,source_candidate_not_curated
nt2-odwn:scheiding-n-2,scheiding,noun,beëindiging van huwelijk,B1,source_candidate_not_curated
nt2-odwn:gebruik-n-2,gebruik,noun,zede,B1,source_candidate_not_curated
nt2-odwn:logeren-v-1,logeren,verb,als gast verblijven,B1,source_candidate_not_curated
nt2-odwn:onbelangrijk-a-1,onbelangrijk,adjective,onbeduidend,B1,source_candidate_not_curated
nt2-odwn:doek-n-4,doek,noun,stuk geweven stof gebruilkt in textiel,B1,source_candidate_not_curated
nt2-odwn:brandstof-n-1,brandstof,noun,stof voor energie,B1,source_candidate_not_curated
nt2-odwn:staat-n-2,staat,noun,bestuurde gemeenschap,B1,source_candidate_not_curated
nt2-odwn:raken-v-2,raken,verb,ontroeren,B1,source_candidate_not_curated
nt2-odwn:figuur-n-4,figuur,noun,type persoon,B1,source_candidate_not_curated
nt2-odwn:twijfel-n-1,twijfel,noun,aarzeling,B1,source_candidate_not_curated
nt2-odwn:verraden-v-1,verraden,verb,niet trouw zijn,B1,source_candidate_not_curated
nt2-odwn:arrestatie-n-1,arrestatie,noun,aanhouding door de politie,B1,source_candidate_not_curated
nt2-odwn:deftig-a-1,deftig,adjective,statig,B1,source_candidate_not_curated
nt2-odwn:belang-n-1,belang,noun,interesse,B1,source_candidate_not_curated
nt2-odwn:economie-n-2,economie,noun,de economische praktijk,B1,source_candidate_not_curated
nt2-odwn:weduwe-n-1,weduwe,noun,vrouw wiens man is overleden,B1,source_candidate_not_curated
nt2-odwn:zuster-n-4,zuster,noun,vrouw met wie men zich verbonden voelt,B1,source_candidate_not_curated
nt2-odwn:huisdier-n-1,huisdier,noun,dier dat in of bij huis gehouden wordt,B1,source_candidate_not_curated
nt2-odwn:o-n-1,o,noun,letter v.h. alfabet,B1,source_candidate_not_curated
nt2-odwn:branden-v-4,branden,verb,irriteren,B1,source_candidate_not_curated
nt2-odwn:familielid-n-1,familielid,noun,lid v.e. familie,B1,source_candidate_not_curated
nt2-odwn:proost-n-1,proost,noun,bepaalde rooms-katholiek priester,B1,source_candidate_not_curated
nt2-odwn:warmte-n-1,warmte,noun,het warm zijn,B1,source_candidate_not_curated
nt2-odwn:gebruik-n-1,gebruik,noun,het gebruiken van iets,B1,source_candidate_not_curated
nt2-odwn:val-n-8,val,noun,verraderlijke poging om iem. in moeilijkheden of ten val te brengen,B1,source_candidate_not_curated
nt2-odwn:dek-n-3,dek,noun,rechthoekig kleed tot beschutting tegen de kou,B1,source_candidate_not_curated
nt2-odwn:regent-n-3,regent,noun,vroeger ambtenaar op Java,B1,source_candidate_not_curated
nt2-odwn:wetenschapper-n-1,wetenschapper,noun,beoefenaar v.e. wetenschap,B1,source_candidate_not_curated
nt2-odwn:voorhoofd-n-1,voorhoofd,noun,deel v.h. hoofd boven de wenkbrauwen,B1,source_candidate_not_curated
nt2-odwn:heuvel-n-1,heuvel,noun,verhoging v.d. grond,B1,source_candidate_not_curated
nt2-odwn:bevinden-v-3,bevinden,verb,zich ophouden,B1,source_candidate_not_curated
nt2-odwn:verdedigen-v-2,verdedigen,verb,je inzetten voor,B1,source_candidate_not_curated
nt2-odwn:zuster-n-1,zuster,noun,verpleegkundige,B1,source_candidate_not_curated
nt2-odwn:oppakken-v-2,oppakken,verb,mbt. politie,B1,source_candidate_not_curated
nt2-odwn:karakter-n-2,karakter,noun,hoedanigheid,B1,source_candidate_not_curated
nt2-odwn:toneel-n-6,toneel,noun,aanstellerij,B1,source_candidate_not_curated
nt2-odwn:pop-n-3,pop,noun,popmuziek,B1,source_candidate_not_curated
nt2-odwn:pijl-n-1,pijl,noun,dunne stok als ammunitie v.e. boog,B1,source_candidate_not_curated
nt2-odwn:verpleegster-n-1,verpleegster,noun,iemand die beroepsmatig verpleegt,B1,source_candidate_not_curated
nt2-odwn:cel-n-5,cel,noun,eenheid binnen een organisatie,B1,source_candidate_not_curated
nt2-odwn:terrein-n-1,terrein,noun,gebied,B1,source_candidate_not_curated
nt2-odwn:ziel-n-5,ziel,noun,voornaamste werkende kracht in iets,B1,source_candidate_not_curated
nt2-odwn:toestel-n-1,toestel,noun,apparaat,B1,source_candidate_not_curated
nt2-odwn:kruipen-v-4,kruipen,verb,langzaam vooruitgaan,B1,source_candidate_not_curated
nt2-odwn:cel-n-1,cel,noun,ruimte voor een gevangene,B1,source_candidate_not_curated
nt2-odwn:vreugde-n-1,vreugde,noun,plezier,B1,source_candidate_not_curated
nt2-odwn:opsluiten-v-1,opsluiten,verb,vastzetten,B1,source_candidate_not_curated
nt2-odwn:duif-n-1,duif,noun,bepaalde vogel,B1,source_candidate_not_curated
nt2-odwn:danken-v-2,danken,verb,verkregen hebben,B1,source_candidate_not_curated
nt2-odwn:dienen-v-1,dienen,verb,bruikbaar zijn,B1,source_candidate_not_curated
nt2-odwn:schat-n-2,schat,noun,iets dat erg waardevol is voor iemand,B1,source_candidate_not_curated
nt2-odwn:slaap-n-3,slaap,noun,opgedroogde afscheiding v.d. ogen,B1,source_candidate_not_curated
nt2-odwn:gids-n-2,gids,noun,boek met richtlijnen,B1,source_candidate_not_curated
nt2-odwn:gillen-v-1,gillen,verb,"gieren, krijsen",B1,source_candidate_not_curated
nt2-odwn:spijt-n-1,spijt,noun,bezwaarlijk gevoel achteraf,B1,source_candidate_not_curated
nt2-odwn:plaat-n-3,plaat,noun,schijf van vinyl met een geluidsopname,B1,source_candidate_not_curated
nt2-odwn:monnik-n-1,monnik,noun,man die in een klooster leeft,B1,source_candidate_not_curated
nt2-odwn:daad-n-1,daad,noun,bewuste handeling,B1,source_candidate_not_curated
nt2-odwn:bel-n-2,bel,noun,schel,B1,source_candidate_not_curated
nt2-odwn:ambtenaar-n-1,ambtenaar,noun,medewerker bij de overheid,B1,source_candidate_not_curated
nt2-odwn:kwestie-n-1,kwestie,noun,vraagstuk,B1,source_candidate_not_curated
nt2-odwn:vlucht-n-2,vlucht,noun,wijze van vliegen,B1,source_candidate_not_curated
nt2-odwn:doorlopen-v-6,doorlopen,verb,verder lopen,B1,source_candidate_not_curated
nt2-odwn:pap-n-2,pap,noun,dikkige substantie van enig soort,B1,source_candidate_not_curated
nt2-odwn:hap-n-2,hap,noun,beet uit iets vasts,B1,source_candidate_not_curated
nt2-odwn:bak-n-1,bak,noun,kist of doos,B1,source_candidate_not_curated
nt2-odwn:houding-n-1,houding,noun,lichaamsstand,B1,source_candidate_not_curated
nt2-odwn:overkomen-v-1,overkomen,verb,mbt. een lotgeval,B1,source_candidate_not_curated
nt2-odwn:vervelen-v-1,vervelen,verb,je niet amuseren,B1,source_candidate_not_curated
nt2-odwn:teleurstellen-v-1,teleurstellen,verb,in een verwachting bedriegen,B1,source_candidate_not_curated
nt2-odwn:politicus-n-2,politicus,noun,slim of berekend persoon,B1,source_candidate_not_curated
nt2-odwn:betreffen-v-1,betreffen,verb,handelen over,B1,source_candidate_not_curated
nt2-odwn:kar-n-1,kar,noun,open voertuig op twee of meer wielen,B1,source_candidate_not_curated
nt2-odwn:exemplaar-n-1,exemplaar,noun,instantie,B1,source_candidate_not_curated
nt2-odwn:burger-n-3,burger,noun,lid van de derde stand in de Middeleeuwen,B1,source_candidate_not_curated
nt2-odwn:aanbod-n-3,aanbod,noun,tekst of voorstel waarmee men iets aanbiedt,B1,source_candidate_not_curated
nt2-odwn:buitenaards-a-1,buitenaards,adjective,van buiten de aarde,B1,source_candidate_not_curated
nt2-odwn:toespraak-n-1,toespraak,noun,rede,B1,source_candidate_not_curated
nt2-odwn:artiest-n-1,artiest,noun,kunstenaar,B1,source_candidate_not_curated
nt2-odwn:behoren-v-3,behoren,verb,ertoe gerekend worden,B1,source_candidate_not_curated
nt2-odwn:achtergrond-n-3,achtergrond,noun,voorgeschiedenis,B1,source_candidate_not_curated
nt2-odwn:tempo-n-1,tempo,noun,relatieve snelheid,B1,source_candidate_not_curated
nt2-odwn:recept-n-1,recept,noun,instructies voor de bereiding van eten,B1,source_candidate_not_curated
nt2-odwn:schild-n-1,schild,noun,beschermende laag,B1,source_candidate_not_curated
nt2-odwn:voorzitter-n-1,voorzitter,noun,leider v.e. vergadering,B1,source_candidate_not_curated
nt2-odwn:straffen-v-1,straffen,verb,straf geven,B1,source_candidate_not_curated
nt2-odwn:truc-n-1,truc,noun,foefje,B1,source_candidate_not_curated
nt2-odwn:passie-n-1,passie,noun,hartstocht,B1,source_candidate_not_curated
nt2-odwn:praat-n-1,praat,noun,het spreken/gesprokene,B1,source_candidate_not_curated
nt2-odwn:excuseren-v-1,excuseren,verb,verontschuldigen,B1,source_candidate_not_curated
nt2-odwn:toneel-n-1,toneel,noun,door acteurs uitgebeeld verhaald,B1,source_candidate_not_curated
nt2-odwn:belangstelling-n-1,belangstelling,noun,interesse,B1,source_candidate_not_curated
nt2-odwn:psychiater-n-1,psychiater,noun,medisch specialist in de psychiatrie,B1,source_candidate_not_curated
nt2-odwn:jacht-n-5,jacht,noun,hartstochtelijk streven naar iets,B1,source_candidate_not_curated
nt2-odwn:raad-n-3,raad,noun,oplossing,B1,source_candidate_not_curated
nt2-odwn:opmerking-n-1,opmerking,noun,uiting om gedachte over te brengen,B1,source_candidate_not_curated
nt2-odwn:betrekken-v-1,betrekken,verb,een rol laten spelen,B1,source_candidate_not_curated
nt2-odwn:zender-n-3,zender,noun,inrichting die hoogfrequente elektromagnetische golven uitstraalt als communicatiemiddel; radiozender,B1,source_candidate_not_curated
nt2-odwn:bezoeker-n-2,bezoeker,noun,iemand die ergens heen gaat,B1,source_candidate_not_curated
nt2-odwn:generaal-n-1,generaal,noun,hoge officier,B1,source_candidate_not_curated
nt2-odwn:data-n-1,data,noun,gegevens,B1,source_candidate_not_curated
nt2-odwn:podium-n-1,podium,noun,verhoging waarop men kan optreden,B1,source_candidate_not_curated
nt2-odwn:streek-n-4,streek,noun,strijkende beweging/aanraking,B1,source_candidate_not_curated
nt2-odwn:opzetten-v-7,opzetten,verb,opdoen,B1,source_candidate_not_curated
nt2-odwn:starten-v-2,starten,verb,doen beginnen (causatief),B1,source_candidate_not_curated
nt2-odwn:sector-n-2,sector,noun,"bedrijfstak, branche",B1,source_candidate_not_curated
nt2-odwn:genade-n-3,genade,noun,vergeving,B1,source_candidate_not_curated
nt2-odwn:vos-n-1,vos,noun,roodbruin roofdier,B1,source_candidate_not_curated
nt2-odwn:spanning-n-1,spanning,noun,opgewonden gevoel,B1,source_candidate_not_curated
nt2-odwn:versie-n-1,versie,noun,uitvoering,B1,source_candidate_not_curated
nt2-odwn:beeld-n-5,beeld,noun,symbool,B1,source_candidate_not_curated
nt2-odwn:zanger-n-1,zanger,noun,iemand die zingt,B1,source_candidate_not_curated
nt2-odwn:kracht-n-5,kracht,noun,energie,B1,source_candidate_not_curated
nt2-odwn:werkelijkheid-n-1,werkelijkheid,noun,"dat wat echt is, wat bestaat",B1,source_candidate_not_curated
nt2-odwn:experiment-n-1,experiment,noun,proef,B1,source_candidate_not_curated
nt2-odwn:schoonheid-n-1,schoonheid,noun,het mooi zijn,B1,source_candidate_not_curated
nt2-odwn:model-n-1,model,noun,vorm die men aan iets geeft,B1,source_candidate_not_curated
nt2-odwn:beurs-n-3,beurs,noun,tentoonstelling van handelaars,B1,source_candidate_not_curated
nt2-odwn:lossen-v-2,lossen,verb,(lading) verwijderen,B1,source_candidate_not_curated
nt2-odwn:sprookje-n-1,sprookje,noun,mooi verhaal met niet-bestaande wezens,B1,source_candidate_not_curated
nt2-odwn:verdenken-v-1,verdenken,verb,kwaad vermoeden van,B1,source_candidate_not_curated
nt2-odwn:realiseren-v-1,realiseren,verb,verwerkelijken,B1,source_candidate_not_curated
nt2-odwn:toon-n-2,toon,noun,manier van spreken,B1,source_candidate_not_curated
nt2-odwn:zweet-n-1,zweet,noun,vocht dat wordt afgescheiden bij zweten,B1,source_candidate_not_curated
nt2-odwn:boef-n-1,boef,noun,schurk,B1,source_candidate_not_curated
nt2-odwn:milieu-n-2,milieu,noun,fysieke omgeving,B1,source_candidate_not_curated
nt2-odwn:boodschapper-n-1,boodschapper,noun,bode,B1,source_candidate_not_curated
nt2-odwn:ronde-n-2,ronde,noun,eenmaal de baan om,B1,source_candidate_not_curated
nt2-odwn:schuiven-v-1,schuiven,verb,zich (bijna) glijdend bewegen,B1,source_candidate_not_curated
nt2-odwn:bisschop-n-1,bisschop,noun,priester,B1,source_candidate_not_curated
nt2-odwn:vaardigheid-n-1,vaardigheid,noun,gemak waarmee je iets doet,B1,source_candidate_not_curated
nt2-odwn:serie-n-4,serie,noun,groot aantal,B1,source_candidate_not_curated
nt2-odwn:nutteloos-a-1,nutteloos,adjective,zinloos,B1,source_candidate_not_curated
nt2-odwn:handelaar-n-1,handelaar,noun,iemand die handelt,B1,source_candidate_not_curated
nt2-odwn:toerist-n-1,toerist,noun,vakantieganger,B1,source_candidate_not_curated
nt2-odwn:vertaling-n-1,vertaling,noun,omzetting naar een ander(e) taal/formaat,B1,source_candidate_not_curated
nt2-odwn:glimlach-n-1,glimlach,noun,geluidloze lach,B1,source_candidate_not_curated
nt2-odwn:kruipen-v-5,kruipen,verb,al te nederig zijn,B1,source_candidate_not_curated
nt2-odwn:tijger-n-1,tijger,noun,katachtig roofdier,B1,source_candidate_not_curated
nt2-odwn:lafaard-n-1,lafaard,noun,iemand zonder moed,B1,source_candidate_not_curated
nt2-odwn:productie-n-1,productie,noun,het maken van goederen,B1,source_candidate_not_curated
nt2-odwn:rechtbank-n-1,rechtbank,noun,college dat rechtspreekt,B1,source_candidate_not_curated
nt2-odwn:das-n-3,das,noun,zoogdier met zwart-witte streep,B1,source_candidate_not_curated
nt2-odwn:stiefvader-n-1,stiefvader,noun,(tweede) man van je moeder,B1,source_candidate_not_curated
nt2-odwn:respecteren-v-1,respecteren,verb,eerbied hebben,B1,source_candidate_not_curated
nt2-odwn:gerecht-n-1,gerecht,noun,voedsel bereid voor één gang,B1,source_candidate_not_curated
nt2-odwn:beurs-n-4,beurs,noun,gebouw voor effectenhandel,B1,source_candidate_not_curated
nt2-odwn:noodgeval-n-1,noodgeval,noun,onvoorziene vervelende situatie,B1,source_candidate_not_curated
nt2-odwn:das-n-1,das,noun,om de hals voor de warmte,B1,source_candidate_not_curated
nt2-odwn:ogenblik-n-2,ogenblik,noun,tijdstip,B1,source_candidate_not_curated
nt2-odwn:handelen-v-2,handelen,verb,mbt. een daad,B1,source_candidate_not_curated
nt2-odwn:buitenlander-n-1,buitenlander,noun,iemand uit het buitenland,B1,source_candidate_not_curated
nt2-odwn:manager-n-1,manager,noun,bestuurder in een bedrijf,B1,source_candidate_not_curated
nt2-odwn:richten-v-2,richten,verb,zijn aandacht schenken,B1,source_candidate_not_curated
nt2-odwn:beledigen-v-1,beledigen,verb,iemands eer krenken,B1,source_candidate_not_curated
nt2-odwn:halfuur-n-1,halfuur,noun,half uur,B1,source_candidate_not_curated
nt2-odwn:doorbrengen-v-1,doorbrengen,verb,(tijd) besteden,B1,source_candidate_not_curated
nt2-odwn:figuur-n-6,figuur,noun,"oorstelling van een persoon, zoals een beeldje",B1,source_candidate_not_curated
nt2-odwn:blok-n-1,blok,noun,stuk hard materiaal,B1,source_candidate_not_curated
nt2-odwn:streek-n-2,streek,noun,plek v.e. orgaan in het lichaam,B1,source_candidate_not_curated
nt2-odwn:district-n-1,district,noun,afdeling v.e. gebied,B1,source_candidate_not_curated
nt2-odwn:poes-n-1,poes,noun,kat,B1,source_candidate_not_curated
nt2-odwn:kleden-v-3,kleden,verb,zich aankleden,B1,source_candidate_not_curated
nt2-odwn:ontvoeren-v-1,ontvoeren,verb,kidnappen,B1,source_candidate_not_curated
nt2-odwn:handel-n-1,handel,noun,aankoop en verkoop,B1,source_candidate_not_curated
nt2-odwn:veld-n-2,veld,noun,akker,B1,source_candidate_not_curated
nt2-odwn:vluchteling-n-1,vluchteling,noun,iemand die vlucht,B1,source_candidate_not_curated
nt2-odwn:zoenen-v-1,zoenen,verb,kussen,B1,source_candidate_not_curated
nt2-odwn:fluisteren-v-1,fluisteren,verb,zacht (iets) zeggen,B1,source_candidate_not_curated
nt2-odwn:aflopen-v-2,aflopen,verb,neerwaarts stromen,B1,source_candidate_not_curated
nt2-odwn:verzekeren-v-3,verzekeren,verb,verzekering afsluiten,B1,source_candidate_not_curated
nt2-odwn:haak-n-2,haak,noun,hulpmiddel bij het vissen,B1,source_candidate_not_curated
nt2-odwn:zwaaien-v-1,zwaaien,verb,groeten,B1,source_candidate_not_curated
nt2-odwn:pad-n-1,pad,noun,smalle weg,B1,source_candidate_not_curated
nt2-odwn:maatschappij-n-2,maatschappij,noun,onderneming,B1,source_candidate_not_curated
nt2-odwn:toneel-n-2,toneel,noun,verhoging gebruikt voor voorstellingen,B1,source_candidate_not_curated
nt2-odwn:pad-n-2,pad,noun,kikvorsachtig amfibie,B1,source_candidate_not_curated
nt2-odwn:stuur-n-1,stuur,noun,element voor besturing v.e. voertuig,B1,source_candidate_not_curated
nt2-odwn:das-n-2,das,noun,stropdas,B1,source_candidate_not_curated
nt2-odwn:identiteit-n-1,identiteit,noun,persoonsgelijkheid,B1,source_candidate_not_curated
nt2-odwn:i-n-1,i,noun,letter v.h. alfabet,B1,source_candidate_not_curated
nt2-odwn:verslaan-v-1,verslaan,verb,winnen van,B1,source_candidate_not_curated
nt2-odwn:portret-n-1,portret,noun,afbeelding van iemand,B1,source_candidate_not_curated
nt2-odwn:initiatief-n-1,initiatief,noun,eerste stap,B1,source_candidate_not_curated
nt2-odwn:vergissen-v-1,vergissen,verb,het mis hebben,B1,source_candidate_not_curated
nt2-odwn:stapel-n-1,stapel,noun,hoeveelheid voorwerpen,B1,source_candidate_not_curated
nt2-odwn:aanvallen-v-2,aanvallen,verb,verbaal bestrijden,B1,source_candidate_not_curated
nt2-odwn:rechterhand-n-2,rechterhand,noun,hand die aan de rechterzijde zit,B1,source_candidate_not_curated
nt2-odwn:college-n-2,college,noun,les(senreeks) aan de universiteit,B1,source_candidate_not_curated
nt2-odwn:vlucht-n-1,vlucht,noun,het wegvluchten,B1,source_candidate_not_curated
nt2-odwn:bestuurder-n-2,bestuurder,noun,iem. die een voertuig bestuurt,B1,source_candidate_not_curated
nt2-odwn:bezitten-v-1,bezitten,verb,beschikken over,B1,source_candidate_not_curated
nt2-odwn:dienstmeisje-n-1,dienstmeisje,noun,hulp in de huishouding,B1,source_candidate_not_curated
nt2-odwn:politiebureau-n-1,politiebureau,noun,bureau v.e. politieafdeling,B1,source_candidate_not_curated
nt2-odwn:beeld-n-2,beeld,noun,plaatje,B1,source_candidate_not_curated
nt2-odwn:verplaatsen-v-1,verplaatsen,verb,verzetten,B1,source_candidate_not_curated
nt2-odwn:broeder-n-3,broeder,noun,man in klooster,B1,source_candidate_not_curated
nt2-odwn:fan-n-1,fan,noun,bewonderaar,B1,source_candidate_not_curated
nt2-odwn:slag-n-17,slag,noun,geluid van slaan,B1,source_candidate_not_curated
nt2-odwn:masker-n-1,masker,noun,bedekking v.h. gezicht,B1,source_candidate_not_curated
nt2-odwn:rol-n-2,rol,noun,personage in film of toneel,B1,source_candidate_not_curated
nt2-odwn:schelen-v-2,schelen,verb,mankeren,B1,source_candidate_not_curated
nt2-odwn:beschuldigen-v-1,beschuldigen,verb,schuld toeschrijven,B1,source_candidate_not_curated
nt2-odwn:storten-v-4,storten,verb,geld overmaken,B1,source_candidate_not_curated
nt2-odwn:starten-v-1,starten,verb,beginnen van iets (niet-causatief),B1,source_candidate_not_curated
nt2-odwn:wagen-n-1,wagen,noun,soort kar op vier wielen,B1,source_candidate_not_curated
nt2-odwn:mand-n-1,mand,noun,van riet gevlochten bak,B1,source_candidate_not_curated
nt2-odwn:bezorgen-v-1,bezorgen,verb,figuurlijk verschaffen,B1,source_candidate_not_curated
nt2-odwn:uitspraak-n-1,uitspraak,noun,wijze van uitspreken,B1,source_candidate_not_curated
nt2-odwn:lucifer-n-1,lucifer,noun,stokje met zwavelkopje,B1,source_candidate_not_curated
nt2-odwn:zinloos-a-1,zinloos,adjective,nutteloos,B1,source_candidate_not_curated
nt2-odwn:doodskist-n-1,doodskist,noun,kist om dode in te begraven,B1,source_candidate_not_curated
nt2-odwn:inkomen-n-1,inkomen,noun,betaling voor verrichte arbeid,B1,source_candidate_not_curated
nt2-odwn:boeken-v-1,boeken,verb,bijschrijven,B1,source_candidate_not_curated
nt2-odwn:kring-n-1,kring,noun,cirkelfiguur,B1,source_candidate_not_curated
nt2-odwn:vreemdeling-n-2,vreemdeling,noun,iemand die ergens niet bekend is,B1,source_candidate_not_curated
nt2-odwn:uitdrukking-n-1,uitdrukking,noun,zegswijze,B1,source_candidate_not_curated
nt2-odwn:tempel-n-1,tempel,noun,gebouw voor godsdienstoefening,B1,source_candidate_not_curated
nt2-odwn:verpesten-v-1,verpesten,verb,verknoeien,B1,source_candidate_not_curated
nt2-odwn:stijl-n-3,stijl,noun,goed stijl,B1,source_candidate_not_curated
nt2-odwn:zadel-n-1,zadel,noun,rugzetel op een rijdier,B1,source_candidate_not_curated
nt2-odwn:robot-n-1,robot,noun,automaat die arbeid verricht,B1,source_candidate_not_curated
nt2-odwn:steeg-n-1,steeg,noun,nauw straatje,B1,source_candidate_not_curated
nt2-odwn:versieren-v-1,versieren,verb,tooien,B1,source_candidate_not_curated
nt2-odwn:aanvaarden-v-1,aanvaarden,verb,"iets accepteren, ergens mee akkoord gaan",B1,source_candidate_not_curated
nt2-odwn:poot-n-5,poot,noun,homofiel,B1,source_candidate_not_curated
nt2-odwn:kandidaat-n-3,kandidaat,noun,deelnemer aan een quiz,B1,source_candidate_not_curated
nt2-odwn:relevant-a-1,relevant,adjective,van belang,B1,source_candidate_not_curated
nt2-odwn:betrappen-v-1,betrappen,verb,verrassen bij,B1,source_candidate_not_curated
nt2-odwn:pijp-n-1,pijp,noun,buis,B1,source_candidate_not_curated
nt2-odwn:haard-n-1,haard,noun,verwarmingstoestel voor binnen,B1,source_candidate_not_curated
nt2-odwn:maatregel-n-1,maatregel,noun,dat waarmee iets geregeld wordt,B1,source_candidate_not_curated
nt2-odwn:parlement-n-1,parlement,noun,volksvertegenwoordiging,B1,source_candidate_not_curated
nt2-odwn:dekken-v-6,dekken,verb,"borden, bestek op tafel leggen",B1,source_candidate_not_curated
nt2-odwn:bedroefd-a-1,bedroefd,adjective,verdrietig,B1,source_candidate_not_curated
nt2-odwn:beroven-v-1,beroven,verb,door stelen afnemen,B1,source_candidate_not_curated
nt2-odwn:wijf-n-1,wijf,noun,vrouw,B1,source_candidate_not_curated
nt2-odwn:luxe-n-1,luxe,noun,weelde,B1,source_candidate_not_curated
nt2-odwn:lezer-n-1,lezer,noun,iemand die leest,B1,source_candidate_not_curated
nt2-odwn:verkrachten-v-2,verkrachten,verb,ernstig overtreden,B1,source_candidate_not_curated
nt2-odwn:kar-n-2,kar,noun,informeel woord voor auto,B1,source_candidate_not_curated
nt2-odwn:incident-n-1,incident,noun,"storend voorval, onvoorziene gebeurtenis",B1,source_candidate_not_curated
nt2-odwn:bestuur-n-2,bestuur,noun,orgaan dat leiding geeft,B1,source_candidate_not_curated
nt2-odwn:uitzondering-n-2,uitzondering,noun,het buitensluiten,B1,source_candidate_not_curated
nt2-odwn:storten-v-2,storten,verb,hard doen vallen,B1,source_candidate_not_curated
nt2-odwn:ezel-n-1,ezel,noun,paardachtig dier,B1,source_candidate_not_curated
nt2-odwn:vlinder-n-1,vlinder,noun,bepaald tweevleugelig insect,B1,source_candidate_not_curated
nt2-odwn:haan-n-1,haan,noun,mannelijk hoen,B1,source_candidate_not_curated
nt2-odwn:zone-n-1,zone,noun,gebied tussen zekere begrenzingen,B1,source_candidate_not_curated
nt2-odwn:verspillen-v-1,verspillen,verb,verkwisten,B1,source_candidate_not_curated
nt2-odwn:kruipen-v-2,kruipen,verb,van bepaalde dieren,B1,source_candidate_not_curated
nt2-odwn:masker-n-2,masker,noun,reinigende zalf voor op het gezicht,B1,source_candidate_not_curated
nt2-odwn:drukken-v-8,drukken,verb,lasten/gewichten plaatsen op,B1,source_candidate_not_curated
nt2-odwn:actrice-n-1,actrice,noun,toneel- of filmspeelster,B1,source_candidate_not_curated
nt2-odwn:schrik-n-1,schrik,noun,plotseling angstgevoel,B1,source_candidate_not_curated
nt2-odwn:volk-n-2,volk,noun,menigte,B1,source_candidate_not_curated
nt2-odwn:verlopen-v-3,verlopen,verb,zich afspelen,B1,source_candidate_not_curated
nt2-odwn:drukken-v-1,drukken,verb,duwen,B1,source_candidate_not_curated
nt2-odwn:afpakken-v-1,afpakken,verb,ontnemen,B1,source_candidate_not_curated
nt2-odwn:cirkel-n-1,cirkel,noun,rondje,B1,source_candidate_not_curated
nt2-odwn:drukken-v-3,drukken,verb,boeken etc. vervaardigen,B1,source_candidate_not_curated
nt2-odwn:herberg-n-1,herberg,noun,gelegenheid om te drinken en overnachten,B1,source_candidate_not_curated
nt2-odwn:toeval-n-2,toeval,noun,aanval v.e. ziekte,B1,source_candidate_not_curated
nt2-odwn:armoede-n-1,armoede,noun,toestand van gebrek aan middelen,B1,source_candidate_not_curated
nt2-odwn:gemak-n-1,gemak,noun,bedaarde rust,B1,source_candidate_not_curated
nt2-odwn:spook-n-1,spook,noun,geest v.e. dode,B1,source_candidate_not_curated
nt2-odwn:specialist-n-1,specialist,noun,deskundige,B1,source_candidate_not_curated
nt2-odwn:handel-n-2,handel,noun,bedrijf dat handelt,B1,source_candidate_not_curated
nt2-odwn:besteden-v-1,besteden,verb,(iets) ergens voor inzetten,B1,source_candidate_not_curated
nt2-odwn:uitvoeren-v-2,uitvoeren,verb,ten uitvoer brengen,B1,source_candidate_not_curated
nt2-odwn:buit-n-1,buit,noun,veroverde dingen,B1,source_candidate_not_curated
nt2-odwn:noodlot-n-1,noodlot,noun,ongelukkige afloop,B1,source_candidate_not_curated
nt2-odwn:stuurman-n-1,stuurman,noun,iemand die een schip bestuurt,B1,source_candidate_not_curated
nt2-odwn:verdwalen-v-1,verdwalen,verb,de weg kwijtraken,B1,source_candidate_not_curated
nt2-odwn:mouw-n-1,mouw,noun,deel v.e. kledingstuk voor de arm,B1,source_candidate_not_curated
nt2-odwn:vrijgezel-n-1,vrijgezel,noun,iemand zonder vaste partner,B1,source_candidate_not_curated
nt2-odwn:vlam-n-1,vlam,noun,"smal, roodkleurig, beweeglijk stuk vuur",B1,source_candidate_not_curated
nt2-odwn:zwaaien-v-2,zwaaien,verb,heen en weer doen bewegen,B1,source_candidate_not_curated
nt2-odwn:verhouding-n-1,verhouding,noun,onderlinge betrekking,B1,source_candidate_not_curated
nt2-odwn:gemeenschap-n-4,gemeenschap,noun,maatschappij,B1,source_candidate_not_curated
nt2-odwn:symbool-n-1,symbool,noun,voor ieder herkenbare voorstelling,B1,source_candidate_not_curated
nt2-odwn:naaien-v-2,naaien,verb,bedriegen,B1,source_candidate_not_curated
nt2-odwn:haat-n-1,haat,noun,gevoel van diepe afkeer,B1,source_candidate_not_curated
nt2-odwn:protest-n-1,protest,noun,uiting van verzet,B1,source_candidate_not_curated
nt2-odwn:college-n-3,college,noun,bestuurders,B1,source_candidate_not_curated
nt2-odwn:sigaar-n-1,sigaar,noun,in blad gerolde tabak als genotsmiddel,B1,source_candidate_not_curated
nt2-odwn:volk-n-3,volk,noun,alle onderdanen samen,B1,source_candidate_not_curated
nt2-odwn:opvoeding-n-1,opvoeding,noun,manier van opgevoed worden,B1,source_candidate_not_curated
nt2-odwn:kou-n-2,kou,noun,verkoudheid,B1,source_candidate_not_curated
nt2-odwn:checken-v-1,checken,verb,verifiëren,B1,source_candidate_not_curated
nt2-odwn:b-n-1,b,noun,letter v.h. alfabet,B1,source_candidate_not_curated
nt2-odwn:harnas-n-1,harnas,noun,metalen pak als bescherming bij gevecht,B1,source_candidate_not_curated
nt2-odwn:gedeelte-n-1,gedeelte,noun,onderdeel,B1,source_candidate_not_curated
nt2-odwn:onderdeel-n-2,onderdeel,noun,tak van wetenschap/sport,B1,source_candidate_not_curated
nt2-odwn:boel-n-1,boel,noun,dingen,B1,source_candidate_not_curated
nt2-odwn:term-n-1,term,noun,uitdrukking gebruikt in een vakgebied,B1,source_candidate_not_curated
nt2-odwn:ezel-n-3,ezel,noun,steun voor doek bij het schilderen,B1,source_candidate_not_curated
nt2-odwn:zijde-n-4,zijde,noun,elk van beide kanten van iets vlaks,B1,source_candidate_not_curated
nt2-odwn:strip-n-4,strip,noun,"smalle, bedekkende strook",B1,source_candidate_not_curated
nt2-odwn:eend-n-1,eend,noun,bepaalde watervogel met zwemvliezen,B1,source_candidate_not_curated
nt2-odwn:gedoe-n-2,gedoe,noun,irriterend gedrag v.e. ander,B1,source_candidate_not_curated
nt2-odwn:bloeden-v-1,bloeden,verb,bloed laten uitvloeien,B1,source_candidate_not_curated
nt2-odwn:samenwerking-n-1,samenwerking,noun,het samenwerken,B1,source_candidate_not_curated
nt2-odwn:dringen-v-1,dringen,verb,zich hardhandig een weg banen,B1,source_candidate_not_curated
nt2-odwn:campagne-n-2,campagne,noun,periode van oogst,B1,source_candidate_not_curated
nt2-odwn:herrie-n-1,herrie,noun,lawaai,B1,source_candidate_not_curated
nt2-odwn:schok-n-1,schok,noun,korte beweging,B1,source_candidate_not_curated
nt2-odwn:nachtmerrie-n-1,nachtmerrie,noun,enge droom,B1,source_candidate_not_curated
nt2-odwn:reputatie-n-1,reputatie,noun,manier waarop iemand bekend staat,B1,source_candidate_not_curated
nt2-odwn:aflopen-v-1,aflopen,verb,naar beneden lopen,B1,source_candidate_not_curated
nt2-odwn:slikken-v-3,slikken,verb,goedvinden,B1,source_candidate_not_curated
nt2-odwn:karakter-n-1,karakter,noun,persoonlijkheid,B1,source_candidate_not_curated
nt2-odwn:worm-n-1,worm,noun,lang dun diertje zonder poten,B1,source_candidate_not_curated
nt2-odwn:reus-n-1,reus,noun,heel groot sprookjesfiguur,B1,source_candidate_not_curated
nt2-odwn:verwoesten-v-1,verwoesten,verb,ruïneren,B1,source_candidate_not_curated
nt2-odwn:struik-n-2,struik,noun,krop bladgroente,B1,source_candidate_not_curated
nt2-odwn:engel-n-2,engel,noun,lief kind of lieve vrouw,B1,source_candidate_not_curated
nt2-odwn:patroon-n-2,patroon,noun,herkenbare lijn in gebeurtenissen,B1,source_candidate_not_curated
nt2-odwn:auteur-n-1,auteur,noun,schrijver,B1,source_candidate_not_curated
nt2-odwn:industrie-n-1,industrie,noun,geheel van fabrieken,B1,source_candidate_not_curated
nt2-odwn:doek-n-3,doek,noun,schilderstuk,B1,source_candidate_not_curated
nt2-odwn:spek-n-2,spek,noun,sponsachtig snoepgoed,B1,source_candidate_not_curated
nt2-odwn:revolver-n-1,revolver,noun,vuurwapen dat je in de hand houdt,B1,source_candidate_not_curated
nt2-odwn:gelijk-n-1,gelijk,noun,het rechtvaardig zijn,B1,source_candidate_not_curated
nt2-odwn:verdelen-v-2,verdelen,verb,distribueren,B1,source_candidate_not_curated
nt2-odwn:diefstal-n-1,diefstal,noun,keer dat je iets steelt,B1,source_candidate_not_curated
nt2-odwn:verbinding-n-2,verbinding,noun,verkeersmogelijkheid,B1,source_candidate_not_curated
nt2-odwn:verte-n-1,verte,noun,gebied dat niet hier is maar ver weg,B1,source_candidate_not_curated
nt2-odwn:opzet-n-1,opzet,noun,planning,B1,source_candidate_not_curated
nt2-odwn:bedelaar-n-1,bedelaar,noun,iemand die bedelt,B1,source_candidate_not_curated
nt2-odwn:held-n-3,held,noun,iemand die bewonderd wordt,B1,source_candidate_not_curated
nt2-odwn:vel-n-1,vel,noun,huid van mensen of dieren,B1,source_candidate_not_curated
nt2-odwn:adviseur-n-1,adviseur,noun,iemand die professioneel advies geeft,B1,source_candidate_not_curated
nt2-odwn:rollen-v-1,rollen,verb,zich omwentelend voortbewegen,B1,source_candidate_not_curated
nt2-odwn:verzameling-n-1,verzameling,noun,collectie (gelijksoortige) dingen,B1,source_candidate_not_curated
nt2-odwn:eigendom-n-1,eigendom,noun,bezit,B1,source_candidate_not_curated
nt2-odwn:enkel-n-1,enkel,noun,gewricht tussen voet en onderbeen,B1,source_candidate_not_curated
nt2-odwn:voetbal-n-2,voetbal,noun,bal gebruikt bij de voetbalsport,B1,source_candidate_not_curated
nt2-odwn:doodschieten-v-1,doodschieten,verb,doden met vuurwapen,B1,source_candidate_not_curated
nt2-odwn:tocht-n-1,tocht,noun,wind binnenshuis,B1,source_candidate_not_curated
nt2-odwn:tijdstip-n-1,tijdstip,noun,bepaald moment,B1,source_candidate_not_curated
nt2-odwn:oplichter-n-1,oplichter,noun,iemand die oneerlijk handelt,B1,source_candidate_not_curated
nt2-odwn:gegeven-n-1,gegeven,noun,feit of geval,B1,source_candidate_not_curated
nt2-odwn:beurs-n-2,beurs,noun,schenking voor studie,B1,source_candidate_not_curated
nt2-odwn:meekomen-v-2,meekomen,verb,met anderen komen,B1,source_candidate_not_curated
nt2-odwn:crisis-n-4,crisis,noun,economische malaise,B1,source_candidate_not_curated
nt2-odwn:slaaf-n-1,slaaf,noun,iemand die eigendom is v.e. ander,B1,source_candidate_not_curated
nt2-odwn:intelligentie-n-1,intelligentie,noun,vermogen te leren en begrijpen,B1,source_candidate_not_curated
nt2-odwn:val-n-2,val,noun,ondergang,B1,source_candidate_not_curated
nt2-odwn:vlak-n-1,vlak,noun,"de platte kant, ruimtelijke begrenzing van een lichaam",B1,source_candidate_not_curated
nt2-odwn:tip-n-2,tip,noun,fooi,B1,source_candidate_not_curated
nt2-odwn:herinnering-n-3,herinnering,noun,aandenken,B1,source_candidate_not_curated
nt2-odwn:kruipen-v-1,kruipen,verb,op handen en knieën gaan,B1,source_candidate_not_curated
nt2-odwn:koor-n-1,koor,noun,zanggroep,B1,source_candidate_not_curated
nt2-odwn:reiziger-n-1,reiziger,noun,iemand die reist,B1,source_candidate_not_curated
nt2-odwn:begrip-n-1,begrip,noun,benul,B1,source_candidate_not_curated
nt2-odwn:weetje-n-1,weetje,noun,wetenswaardigheid,B1,source_candidate_not_curated
nt2-odwn:trek-n-2,trek,noun,zin in eten,B1,source_candidate_not_curated
nt2-odwn:streek-n-1,streek,noun,gebied dat een eenheid vormt,B1,source_candidate_not_curated
nt2-odwn:jood-n-1,jood,noun,Israëliet,B1,source_candidate_not_curated
nt2-odwn:inzicht-n-1,inzicht,noun,het begrijpen,B1,source_candidate_not_curated
nt2-odwn:kijker-n-3,kijker,noun,toeschouwer,B1,source_candidate_not_curated
nt2-odwn:verhogen-v-1,verhogen,verb,vergroten,B1,source_candidate_not_curated
nt2-odwn:bezorgen-v-2,bezorgen,verb,"(goederen) brengen, afleveren",B1,source_candidate_not_curated
nt2-odwn:receptie-n-1,receptie,noun,officiële ontvangst,B1,source_candidate_not_curated
nt2-odwn:sprong-n-1,sprong,noun,keer dat je springt,B1,source_candidate_not_curated
nt2-odwn:testen-v-1,testen,verb,beproeven,B1,source_candidate_not_curated
nt2-odwn:poot-n-10,poot,noun,been van een mens,B1,source_candidate_not_curated
nt2-odwn:lunchen-v-1,lunchen,verb,de lunch gebruiken,B1,source_candidate_not_curated
nt2-odwn:bel-n-3,bel,noun,blaas,B1,source_candidate_not_curated
nt2-odwn:schadelijk-a-1,schadelijk,adjective,nadelig,B1,source_candidate_not_curated
nt2-odwn:verblijf-n-1,verblijf,noun,periode dat je ergens verblijft,B1,source_candidate_not_curated
nt2-odwn:jongere-n-1,jongere,noun,jong iemand,B1,source_candidate_not_curated
nt2-odwn:gravin-n-1,gravin,noun,vrouwelijke graaf,B1,source_candidate_not_curated
nt2-odwn:kroon-n-5,kroon,noun,vorst of vorstin die de kroon draagt,B1,source_candidate_not_curated
nt2-odwn:terrorist-n-1,terrorist,noun,iemand die terreurdaden pleegt,B1,source_candidate_not_curated
nt2-odwn:uitkomen-v-3,uitkomen,verb,ontdekt worden,B1,source_candidate_not_curated
nt2-odwn:zweep-n-1,zweep,noun,stok met een lang snoer of stuk leer,B1,source_candidate_not_curated
nt2-odwn:vertegenwoordiger-n-1,vertegenwoordiger,noun,iemand die iets/iemand vertegenwoordigt,B1,source_candidate_not_curated
nt2-odwn:secretaresse-n-1,secretaresse,noun,vrouw die de administratie doet,B1,source_candidate_not_curated
nt2-odwn:slag-n-8,slag,noun,zet bij dammen,B1,source_candidate_not_curated
nt2-odwn:heroïne-n-1,heroïne,noun,bepaalde harddrug,B1,source_candidate_not_curated
nt2-odwn:kunstwerk-n-1,kunstwerk,noun,iets gemaakt door een kunstenaar,B1,source_candidate_not_curated
nt2-odwn:type-n-2,type,noun,figuur,B1,source_candidate_not_curated
nt2-odwn:vegen-v-2,vegen,verb,met wrijven weghalen,B1,source_candidate_not_curated
nt2-odwn:ademen-v-1,ademen,verb,lucht inhaleren en uitblazen,B1,source_candidate_not_curated
nt2-odwn:aanpassen-v-2,aanpassen,verb,geschikt maken,B1,source_candidate_not_curated
nt2-odwn:opwinden-v-4,opwinden,verb,prikkelen,B1,source_candidate_not_curated
nt2-odwn:spion-n-1,spion,noun,iemand die spioneert,B1,source_candidate_not_curated
nt2-odwn:sloot-n-1,sloot,noun,smal afvoerkanaal,B1,source_candidate_not_curated
nt2-odwn:platteland-n-1,platteland,noun,regio buiten de stad,B1,source_candidate_not_curated
nt2-odwn:begrip-n-4,begrip,noun,inlevingsbereidheid,B1,source_candidate_not_curated
nt2-odwn:stemming-n-2,stemming,noun,sfeer,B1,source_candidate_not_curated
nt2-odwn:inlichting-n-1,inlichting,noun,informatie,B1,source_candidate_not_curated
nt2-odwn:opzetten-v-3,opzetten,verb,opzwellen,B1,source_candidate_not_curated
nt2-odwn:kolonie-n-1,kolonie,noun,veroverde landstreek,B1,source_candidate_not_curated
nt2-odwn:opzetten-v-6,opzetten,verb,op iets zetten,B1,source_candidate_not_curated
nt2-odwn:opera-n-2,opera,noun,gebouw voor de opvoering van opera's,B1,source_candidate_not_curated
nt2-odwn:opgewekt-a-1,opgewekt,adjective,vrolijk,B1,source_candidate_not_curated
nt2-odwn:zekerheid-n-1,zekerheid,noun,"het zeker, overtuigd zijn van iets",B1,source_candidate_not_curated
nt2-odwn:kamp-n-1,kamp,noun,plaats met tenten op stuk grond,B1,source_candidate_not_curated
nt2-odwn:beperken-v-1,beperken,verb,begrenzen,B1,source_candidate_not_curated
nt2-odwn:affaire-n-2,affaire,noun,geheel van gebeurtenissen rond iets,B1,source_candidate_not_curated
nt2-odwn:vee-n-1,vee,noun,boerderijdieren die producten opbrengen,B1,source_candidate_not_curated
nt2-odwn:kogel-n-2,kogel,noun,zware bal,B1,source_candidate_not_curated
nt2-odwn:poot-n-1,poot,noun,been v.e. dier,B1,source_candidate_not_curated
nt2-odwn:raken-v-6,raken,verb,als onderwerp hebben,B1,source_candidate_not_curated
nt2-odwn:dam-n-1,dam,noun,wal die water tegenhoudt,B1,source_candidate_not_curated
nt2-odwn:document-n-2,document,noun,"computerbestand, file",B1,source_candidate_not_curated
nt2-odwn:neuken-v-1,neuken,verb,geslachtsgemeenschap hebben,B1,source_candidate_not_curated
nt2-odwn:boog-n-2,boog,noun,instrument voor schieten pijlen,B1,source_candidate_not_curated
nt2-odwn:opzetten-v-4,opzetten,verb,prepareren,B1,source_candidate_not_curated
nt2-odwn:veld-n-7,veld,noun,sportterrein,B1,source_candidate_not_curated
nt2-odwn:beweren-v-1,beweren,verb,stellen,B1,source_candidate_not_curated
nt2-odwn:spook-n-3,spook,noun,schrikwekkende gedachte,B1,source_candidate_not_curated
nt2-odwn:gebaar-n-1,gebaar,noun,beweging met de arm of hand,B1,source_candidate_not_curated
nt2-odwn:waard-n-2,waard,noun,gebied tussen rivieren,B1,source_candidate_not_curated
nt2-odwn:verschillen-v-1,verschillen,verb,onderling afwijken,B1,source_candidate_not_curated
nt2-odwn:premier-n-1,premier,noun,minister-president,B1,source_candidate_not_curated
nt2-odwn:inhoud-n-4,inhoud,noun,inhoudsopgave,B1,source_candidate_not_curated
nt2-odwn:richten-v-1,richten,verb,mikken,B1,source_candidate_not_curated
nt2-odwn:slag-n-2,slag,noun,emotionele schok,B1,source_candidate_not_curated
nt2-odwn:straal-n-1,straal,noun,bundel licht of warmte,B1,source_candidate_not_curated
nt2-odwn:kracht-n-2,kracht,noun,werking,B1,source_candidate_not_curated
nt2-odwn:mop-n-1,mop,noun,vermakelijk verhaaltje,B1,source_candidate_not_curated
nt2-odwn:hoogtepunt-n-1,hoogtepunt,noun,punt waarna opgelopen spanning afneemt,B1,source_candidate_not_curated
nt2-odwn:achterdeur-n-1,achterdeur,noun,deur aan de achterkant,B1,source_candidate_not_curated
nt2-odwn:pakket-n-2,pakket,noun,geheel van bijeenhorende zaken,B1,source_candidate_not_curated
nt2-odwn:religie-n-1,religie,noun,verering v.e. god,B1,source_candidate_not_curated
nt2-odwn:laken-n-1,laken,noun,rechthoekig stuk textiel als beddengoed,B1,source_candidate_not_curated
nt2-odwn:categorie-n-1,categorie,noun,onderdeel v.e. classificatie,B1,source_candidate_not_curated
nt2-odwn:staart-n-3,staart,noun,achterste/laatste stuk van iets,B1,source_candidate_not_curated
nt2-odwn:ontspannen-v-4,ontspannen,verb,"afzwakken, minder strak worden",B1,source_candidate_not_curated
nt2-odwn:edele-n-1,edele,noun,persoon van edele afkomst,B1,source_candidate_not_curated
nt2-odwn:kandidaat-n-1,kandidaat,noun,sollicitant,B1,source_candidate_not_curated
nt2-odwn:uitzicht-n-1,uitzicht,noun,dat waarop men uitkijkt,B1,source_candidate_not_curated
nt2-odwn:ezel-n-2,ezel,noun,domoor,B1,source_candidate_not_curated
nt2-odwn:morfine-n-1,morfine,noun,bepaald verdovend middel,B1,source_candidate_not_curated
nt2-odwn:sluipen-v-1,sluipen,verb,van mensen,B1,source_candidate_not_curated
nt2-odwn:type-n-1,type,noun,soort,B1,source_candidate_not_curated
nt2-odwn:tocht-n-2,tocht,noun,reis,B1,source_candidate_not_curated
nt2-odwn:koppel-n-1,koppel,noun,stelletje,B1,source_candidate_not_curated
nt2-odwn:participium-n-1,participium,noun,deelwoord,B1,source_candidate_not_curated
nt2-odwn:naaien-v-3,naaien,verb,gemeenschap hebben met,B1,source_candidate_not_curated
nt2-odwn:arbeider-n-1,arbeider,noun,werknemer,B1,source_candidate_not_curated
nt2-odwn:laden-v-1,laden,verb,bevrachten,B1,source_candidate_not_curated
nt2-odwn:gewennen-v-1,gewennen,verb,gewend raken,B1,source_candidate_not_curated
nt2-odwn:schakel-n-1,schakel,noun,elk deel v.e. gelede ketting,B1,source_candidate_not_curated
nt2-odwn:maling-n-1,maling,noun,wijze van malen,B1,source_candidate_not_curated
nt2-odwn:aanvraag-n-1,aanvraag,noun,verzoek,B1,source_candidate_not_curated
nt2-odwn:vergif-n-1,vergif,noun,schadelijke stof,B1,source_candidate_not_curated
nt2-odwn:uitmaken-v-1,uitmaken,verb,bepalen,B1,source_candidate_not_curated
nt2-odwn:tillen-v-1,tillen,verb,heffen,B1,source_candidate_not_curated
nt2-odwn:voorzitter-n-2,voorzitter,noun,leider v.e. bestuur,B1,source_candidate_not_curated
nt2-odwn:slag-n-3,slag,noun,gewelddadig treffen,B1,source_candidate_not_curated
nt2-odwn:verdrinken-v-1,verdrinken,verb,in het water doodgaan,B1,source_candidate_not_curated
nt2-odwn:bruidegom-n-1,bruidegom,noun,man die trouwt,B1,source_candidate_not_curated
nt2-odwn:hoogte-n-1,hoogte,noun,afstand in verticale richting,B1,source_candidate_not_curated
nt2-odwn:recept-n-2,recept,noun,voorschrift v.e. arts voor medicijnen,B1,source_candidate_not_curated
nt2-odwn:commissie-n-3,commissie,noun,loon voor een commissionair,B1,source_candidate_not_curated
nt2-odwn:uitkomen-v-10,uitkomen,verb,schikken,B1,source_candidate_not_curated
nt2-odwn:symbolisch-a-1,symbolisch,adjective,als symbool,B1,source_candidate_not_curated
nt2-odwn:voorganger-n-1,voorganger,noun,iemand die voorging in iets,B1,source_candidate_not_curated
nt2-odwn:naaien-v-1,naaien,verb,met naald en draad maken,B1,source_candidate_not_curated
nt2-odwn:liefhebben-v-1,liefhebben,verb,beminnen,B1,source_candidate_not_curated
nt2-odwn:openmaken-v-1,openmaken,verb,opendoen,B1,source_candidate_not_curated
nt2-odwn:termijn-n-1,termijn,noun,periode met vastgesteld einde,B1,source_candidate_not_curated
nt2-odwn:uitgever-n-2,uitgever,noun,bedrijf dat geschriften uitgeeft,B1,source_candidate_not_curated
nt2-odwn:drukken-v-5,drukken,verb,poepen,B1,source_candidate_not_curated
nt2-odwn:onderhandelen-v-1,onderhandelen,verb,beraadslagen,B1,source_candidate_not_curated
nt2-odwn:schoot-n-1,schoot,noun,bovenbenen wanneer je zit,B1,source_candidate_not_curated
nt2-odwn:smeren-v-1,smeren,verb,met vet of olie bewerken,B1,source_candidate_not_curated
nt2-odwn:vorst-n-1,vorst,noun,hoofd v.e. land,B1,source_candidate_not_curated
nt2-odwn:slepen-v-1,slepen,verb,iets voorttrekken,B1,source_candidate_not_curated
nt2-odwn:verplichten-v-1,verplichten,verb,als plicht opleggen,B1,source_candidate_not_curated
nt2-odwn:schreeuw-n-1,schreeuw,noun,luide roep,B1,source_candidate_not_curated
nt2-odwn:combinatie-n-4,combinatie,noun,twee bij elkaar passende kledingstukken,B1,source_candidate_not_curated
nt2-odwn:opgeven-v-2,opgeven,verb,noemen,B1,source_candidate_not_curated
nt2-odwn:egoïstisch-a-1,egoïstisch,adjective,zelfzuchtig,B1,source_candidate_not_curated
nt2-odwn:produceren-v-1,produceren,verb,vervaardigen,B1,source_candidate_not_curated
nt2-odwn:oordeel-n-1,oordeel,noun,manier waarop je over iets denkt,B1,source_candidate_not_curated
nt2-odwn:bliksem-n-1,bliksem,noun,elektrische ontlading bij onweer,B1,source_candidate_not_curated
nt2-odwn:stichting-n-2,stichting,noun,bepaald type rechtspersoon,B1,source_candidate_not_curated
nt2-odwn:koord-n-1,koord,noun,dun gevlochten touw,B1,source_candidate_not_curated
nt2-odwn:vuist-n-1,vuist,noun,dichtgeknepen hand,B1,source_candidate_not_curated
nt2-odwn:kooi-n-2,kooi,noun,bed op een schip,B1,source_candidate_not_curated
nt2-odwn:volgorde-n-1,volgorde,noun,wijze waarop zaken elkaar volgen,B1,source_candidate_not_curated
nt2-odwn:waanzin-n-1,waanzin,noun,toestand (als die) v.e. krankzinnige,B1,source_candidate_not_curated
nt2-odwn:onduidelijk-a-1,onduidelijk,adjective,niet duidelijk,B1,source_candidate_not_curated
nt2-odwn:vingerafdruk-n-1,vingerafdruk,noun,(vuile) afdruk v.e. vinger,B1,source_candidate_not_curated
nt2-odwn:put-n-4,put,noun,boorput,B1,source_candidate_not_curated
nt2-odwn:eend-n-3,eend,noun,bepaald type auto,B1,source_candidate_not_curated
nt2-odwn:tunnel-n-1,tunnel,noun,"doorgang onder grond, water, of berg",B1,source_candidate_not_curated
nt2-odwn:onrecht-n-1,onrecht,noun,al wat onrechtvaardig is,B1,source_candidate_not_curated
nt2-odwn:fantasie-n-3,fantasie,noun,product v.d. verbeelding,B1,source_candidate_not_curated
nt2-odwn:aanpakken-v-3,aanpakken,verb,"kordaat, doelbewust optreden",B1,source_candidate_not_curated
nt2-odwn:karakter-n-4,karakter,noun,nobele persoonlijkheid,B1,source_candidate_not_curated
nt2-odwn:privacy-n-1,privacy,noun,gelegenheid om alleen te zijn,B1,source_candidate_not_curated
nt2-odwn:vel-n-3,vel,noun,blad papier,B1,source_candidate_not_curated
nt2-odwn:jagen-v-1,jagen,verb,wild vangen of doden,B1,source_candidate_not_curated
nt2-odwn:hitte-n-1,hitte,noun,grote warmte,B1,source_candidate_not_curated
nt2-odwn:principe-n-2,principe,noun,manier waarop iets werkt,B1,source_candidate_not_curated
nt2-odwn:publiceren-v-1,publiceren,verb,openbaar maken,B1,source_candidate_not_curated
nt2-odwn:kruid-n-1,kruid,noun,plantje dat gegeten wordt,B1,source_candidate_not_curated
nt2-odwn:koningin-n-3,koningin,noun,bepaald schaakstuk,B1,source_candidate_not_curated
nt2-odwn:buffel-n-1,buffel,noun,soort rund,B1,source_candidate_not_curated
nt2-odwn:opening-n-1,opening,noun,gat in een verder gesloten iets,B1,source_candidate_not_curated
nt2-odwn:hol-n-4,hol,noun,holle ruimte in de aarde,B1,source_candidate_not_curated
nt2-odwn:kachel-n-1,kachel,noun,toestel gebruikt om te verwarmen,B1,source_candidate_not_curated
nt2-odwn:spook-n-4,spook,noun,"bleek, mager en lelijk persoon",B1,source_candidate_not_curated
nt2-odwn:medaillon-n-1,medaillon,noun,hanger waar iets in kan,B1,source_candidate_not_curated
nt2-odwn:procedure-n-3,procedure,noun,gang van zaken,B1,source_candidate_not_curated
nt2-odwn:methode-n-1,methode,noun,manier om iets te doen,B1,source_candidate_not_curated
nt2-odwn:fase-n-1,fase,noun,trap in een ontwikkeling,B1,source_candidate_not_curated
nt2-odwn:boodschap-n-3,boodschap,noun,"speciale opdracht, taak",B1,source_candidate_not_curated
nt2-odwn:opgroeien-v-1,opgroeien,verb,groot worden,B1,source_candidate_not_curated
nt2-odwn:vlam-n-3,vlam,noun,op vlammen lijkend patroon in hout,B1,source_candidate_not_curated
nt2-odwn:instelling-n-4,instelling,noun,het gebruiksklaar maken,B1,source_candidate_not_curated
nt2-odwn:dolk-n-1,dolk,noun,kort en spits stootwapen,B1,source_candidate_not_curated
nt2-odwn:ontmoeting-n-3,ontmoeting,noun,sportwedstrijd,B1,source_candidate_not_curated
nt2-odwn:aannemen-v-3,aannemen,verb,geloven dat iets waar is,B1,source_candidate_not_curated
nt2-odwn:godsdienst-n-2,godsdienst,noun,het vereren v.e. god,B1,source_candidate_not_curated
nt2-odwn:beroepsonderwijs-n-1,beroepsonderwijs,noun,praktisch vakonderwijs,B1,source_candidate_not_curated
nt2-odwn:ondernemen-v-1,ondernemen,verb,aanpakken,B1,source_candidate_not_curated
nt2-odwn:gier-n-3,gier,noun,hebzuchtig iemand,B1,source_candidate_not_curated
nt2-odwn:hertog-n-1,hertog,noun,(iemand met een) adellijke titel,B1,source_candidate_not_curated
nt2-odwn:verwarring-n-1,verwarring,noun,gebrek aan orde,B1,source_candidate_not_curated
nt2-odwn:stralen-v-2,stralen,verb,blij en gelukkig kijken,B1,source_candidate_not_curated
nt2-odwn:stank-n-1,stank,noun,onaangename geur,B1,source_candidate_not_curated
nt2-odwn:zwijn-n-1,zwijn,noun,evenhoevig zoogdier gehouden in veeteelt,B1,source_candidate_not_curated
nt2-odwn:opstand-n-1,opstand,noun,verzet v.d. bevolking,B1,source_candidate_not_curated
nt2-odwn:poot-n-2,poot,noun,steun aan een stoel of tafel,B1,source_candidate_not_curated
nt2-odwn:bekennen-v-1,bekennen,verb,uitkomen voor iets,B1,source_candidate_not_curated
nt2-odwn:depressie-n-2,depressie,noun,neerslachtige stemming,B1,source_candidate_not_curated
nt2-odwn:pols-n-1,pols,noun,gewricht tussen hand en onderarm,B1,source_candidate_not_curated
nt2-odwn:was-n-1,was,noun,te wassen goed,B1,source_candidate_not_curated
nt2-odwn:opzetten-v-2,opzetten,verb,rechtop zetten,B1,source_candidate_not_curated
nt2-odwn:ervaren-v-1,ervaren,verb,ondervinden,B1,source_candidate_not_curated
nt2-odwn:bijl-n-1,bijl,noun,hakwerktuig,B1,source_candidate_not_curated
nt2-odwn:achterbank-n-1,achterbank,noun,achterste bank in voertuig,B1,source_candidate_not_curated
nt2-odwn:telegram-n-1,telegram,noun,bericht per telegraaf,B1,source_candidate_not_curated
nt2-odwn:middel-n-2,middel,noun,hulpmiddel,B1,source_candidate_not_curated
nt2-odwn:uil-n-1,uil,noun,bepaalde nachtvogel,B1,source_candidate_not_curated
nt2-odwn:leiding-n-1,leiding,noun,het besturen,B1,source_candidate_not_curated
nt2-odwn:leiding-n-4,leiding,noun,de personen die leiden,B1,source_candidate_not_curated
nt2-odwn:trillen-v-2,trillen,verb,"door kou, korts of angst bibberen",B1,source_candidate_not_curated
nt2-odwn:verspreiden-v-1,verspreiden,verb,"uiin allerlei richtingen, over een oppervlakte, door de ruimte verplaatsentstrooien",B1,source_candidate_not_curated
nt2-odwn:elektriciteit-n-2,elektriciteit,noun,aansluiting,B1,source_candidate_not_curated
nt2-odwn:literatuur-n-1,literatuur,noun,gezamenlijke werken van proza en poëzie,B1,source_candidate_not_curated
nt2-odwn:keus-n-2,keus,noun,dingen waaruit je kiest,B1,source_candidate_not_curated
nt2-odwn:boord-n-3,boord,noun,afwerking of versiersel aan kledingstuk,B1,source_candidate_not_curated
nt2-odwn:beheersen-v-2,beheersen,verb,in bedwang hebben,B1,source_candidate_not_curated
nt2-odwn:kijker-n-1,kijker,noun,instrument om in te verte te kijken,B1,source_candidate_not_curated
nt2-odwn:verkoop-n-1,verkoop,noun,het afstand doen in ruil voor geld,B1,source_candidate_not_curated
nt2-odwn:stijl-n-2,stijl,noun,manier waarop je dingen doet,B1,source_candidate_not_curated
nt2-odwn:raket-n-1,raket,noun,projectiel met eigen voortstuwing,B1,source_candidate_not_curated
nt2-odwn:ontkennen-v-1,ontkennen,verb,loochenen,B1,source_candidate_not_curated
nt2-odwn:sfeer-n-1,sfeer,noun,stemming,B1,source_candidate_not_curated
nt2-odwn:informeren-v-1,informeren,verb,informatie vragen,B1,source_candidate_not_curated
nt2-odwn:klassieker-n-2,klassieker,noun,al lang bestaande wielerwedstrijd,B1,source_candidate_not_curated
nt2-odwn:graan-n-1,graan,noun,korrels van graangewassen,B1,source_candidate_not_curated
nt2-odwn:onderneming-n-2,onderneming,noun,commercieel bedrijf,B1,source_candidate_not_curated
nt2-odwn:bezitting-n-1,bezitting,noun,eigendom,B1,source_candidate_not_curated
nt2-odwn:gil-n-2,gil,noun,hoog gefluit,B1,source_candidate_not_curated
nt2-odwn:accent-n-1,accent,noun,voor een regio kenmerkende uitspraak,B1,source_candidate_not_curated
nt2-odwn:lezing-n-1,lezing,noun,openbare voordracht,B1,source_candidate_not_curated
nt2-odwn:zucht-n-1,zucht,noun,"hoorbare uitademing bij opluchting, zorg",B1,source_candidate_not_curated
nt2-odwn:roman-n-1,roman,noun,lang prozaverhaal,B1,source_candidate_not_curated
nt2-odwn:ton-n-3,ton,noun,duizend kilogram,B1,source_candidate_not_curated
nt2-odwn:steunen-v-2,steunen,verb,"een steun zijn, zowel fysiek als sociaal-psychisch",B1,source_candidate_not_curated
nt2-odwn:haard-n-3,haard,noun,plaats waar vuur gestookt wordt,B1,source_candidate_not_curated
nt2-odwn:trakteren-v-1,trakteren,verb,lekkernijen aanbieden,B1,source_candidate_not_curated
nt2-odwn:budget-n-1,budget,noun,begroting,B1,source_candidate_not_curated
nt2-odwn:opgeven-v-1,opgeven,verb,stoppen,B1,source_candidate_not_curated
nt2-odwn:drukte-n-1,drukte,noun,grote hoeveelheid mensen,B1,source_candidate_not_curated
nt2-odwn:republiek-n-1,republiek,noun,bepaalde staatsvorm,B1,source_candidate_not_curated
nt2-odwn:hol-n-5,hol,noun,uitholling,B1,source_candidate_not_curated
nt2-odwn:haas-n-1,haas,noun,soort knaagdier dat op het konijn lijkt,B1,source_candidate_not_curated
nt2-odwn:commissie-n-1,commissie,noun,groep met bepaalde opdracht,B1,source_candidate_not_curated
nt2-odwn:eis-n-2,eis,noun,met gezag gestelde voorwaarde,B1,source_candidate_not_curated
nt2-odwn:slavernij-n-2,slavernij,noun,zware dienstbaarheid,B1,source_candidate_not_curated
nt2-odwn:belanden-v-1,belanden,verb,ergens toevallig terechtkomen,B1,source_candidate_not_curated
nt2-odwn:r-n-1,r,noun,letter v.h. alfabet,B1,source_candidate_not_curated
nt2-odwn:schuiven-v-3,schuiven,verb,verplaatsen door duwen,B1,source_candidate_not_curated
nt2-odwn:bezit-n-2,bezit,noun,het bezitten,B2,source_candidate_not_curated
nt2-odwn:artikel-n-2,artikel,noun,te verhandelen voorwerp,B2,source_candidate_not_curated
nt2-odwn:artikel-n-3,artikel,noun,onderdeel v.e. wettekst,B2,source_candidate_not_curated
nt2-odwn:proces-n-2,proces,noun,ontwikkeling in al zijn fases,B2,source_candidate_not_curated
nt2-odwn:identiteit-n-3,identiteit,noun,eigen persoonlijkheid als mens,B2,source_candidate_not_curated
nt2-odwn:dienen-v-2,dienen,verb,"moeten, horen",B2,source_candidate_not_curated
nt2-odwn:gemeenschap-n-3,gemeenschap,noun,groep personen,B2,source_candidate_not_curated
nt2-odwn:kamp-n-2,kamp,noun,vakantie voor jongeren in groepsverband,B2,source_candidate_not_curated
nt2-odwn:effect-n-2,effect,noun,draaiende beweging v.e. bal,B2,source_candidate_not_curated
nt2-odwn:verklaren-v-2,verklaren,verb,officieel meedelen,B2,source_candidate_not_curated
nt2-odwn:begrip-n-3,begrip,noun,eenheid van denken,B2,source_candidate_not_curated
nt2-odwn:legende-n-1,legende,noun,oud verhaal v.e. wonderlijk iets/iemand,B2,source_candidate_not_curated
nt2-odwn:gebrek-n-1,gebrek,noun,onvoldoende aanwezigheid,B2,source_candidate_not_curated
nt2-odwn:aard-n-1,aard,noun,geheel van onderliggende eigenschappen,B2,source_candidate_not_curated
nt2-odwn:gezelschap-n-3,gezelschap,noun,vereniging mbt. kunst of wetenschap,B2,source_candidate_not_curated
nt2-odwn:voorkeur-n-1,voorkeur,noun,liefde voor het één boven het ander,B2,source_candidate_not_curated
nt2-odwn:motor-n-3,motor,noun,inspirator,B2,source_candidate_not_curated
nt2-odwn:scheiding-n-1,scheiding,noun,het uit elkaar halen,B2,source_candidate_not_curated
nt2-odwn:hoer-n-1,hoer,noun,prostituee,B2,source_candidate_not_curated
nt2-odwn:manager-n-2,manager,noun,zaakwaarnemer v.e. persoon of groep,B2,source_candidate_not_curated
nt2-odwn:troost-n-1,troost,noun,iets dat je verdriet minder maakt,B2,source_candidate_not_curated
nt2-odwn:talent-n-2,talent,noun,begaafd iemand,B2,source_candidate_not_curated
nt2-odwn:wachtwoord-n-2,wachtwoord,noun,herkenningswoord voor een acteur,B2,source_candidate_not_curated
nt2-odwn:missie-n-4,missie,noun,groep afgevaardigde personen met een bepaalde opdracht,B2,source_candidate_not_curated
nt2-odwn:tekenen-v-2,tekenen,verb,kenmerken,B2,source_candidate_not_curated
nt2-odwn:stijl-n-1,stijl,noun,"manier van spreken, schrijven, kunst",B2,source_candidate_not_curated
nt2-odwn:kanaal-n-1,kanaal,noun,gegraven waterweg,B2,source_candidate_not_curated
nt2-odwn:aanpak-n-1,aanpak,noun,methode,B2,source_candidate_not_curated
nt2-odwn:aangenaam-a-1,aangenaam,adjective,prettig,B2,source_candidate_not_curated
nt2-odwn:sfeer-n-2,sfeer,noun,karakteristieke eigenschappen die een bepaalde stemming oproepen,B2,source_candidate_not_curated
nt2-odwn:zijde-n-2,zijde,noun,vlak tussen voor- en achterkant,B2,source_candidate_not_curated
nt2-odwn:nood-n-1,nood,noun,gevaar,B2,source_candidate_not_curated
nt2-odwn:voorwerp-n-1,voorwerp,noun,"object, ding",B2,source_candidate_not_curated
nt2-odwn:berucht-a-1,berucht,adjective,bekend in negatieve zin,B2,source_candidate_not_curated
nt2-odwn:element-n-3,element,noun,bestanddeel van iets,B2,source_candidate_not_curated
nt2-odwn:kwestie-n-2,kwestie,noun,veelbesproken zaak,B2,source_candidate_not_curated
nt2-odwn:keizer-n-1,keizer,noun,vorst,B2,source_candidate_not_curated
nt2-odwn:personage-n-2,personage,noun,"persoon in boek, film etc.",B2,source_candidate_not_curated
nt2-odwn:motief-n-1,motief,noun,dat wat je ergens toe aanzet,B2,source_candidate_not_curated
nt2-odwn:filosofie-n-1,filosofie,noun,leer v.h. wezen der dingen en begrippen,B2,source_candidate_not_curated
nt2-odwn:model-n-3,model,noun,iemand die poseert,B2,source_candidate_not_curated
nt2-odwn:model-n-5,model,noun,voorbeeld voor een kunstenaar,B2,source_candidate_not_curated
nt2-odwn:optie-n-3,optie,noun,keuze,B2,source_candidate_not_curated
nt2-odwn:ontwerp-n-1,ontwerp,noun,tekening ter illustratie voor nieuw iets,B2,source_candidate_not_curated
nt2-odwn:prestatie-n-1,prestatie,noun,het uitvoeren v.e. taak of belofte,B2,source_candidate_not_curated
nt2-odwn:gemak-n-3,gemak,noun,gerieflijke voorziening,B2,source_candidate_not_curated
nt2-odwn:oefening-n-2,oefening,noun,het aankweken van vaardigheid of kennis door geregelde herhaling,B2,source_candidate_not_curated
nt2-odwn:combinatie-n-1,combinatie,noun,samenvoeging,B2,source_candidate_not_curated
nt2-odwn:democratie-n-1,democratie,noun,staatsvorm met veel invloed v.h. volk,B2,source_candidate_not_curated
nt2-odwn:bevestigen-v-1,bevestigen,verb,vastmaken,B2,source_candidate_not_curated
nt2-odwn:instrument-n-2,instrument,noun,muziekinstrument,B2,source_candidate_not_curated
nt2-odwn:object-n-1,object,noun,voorwerp,B2,source_candidate_not_curated
nt2-odwn:concentreren-v-3,concentreren,verb,samenbrengen,B2,source_candidate_not_curated
nt2-odwn:balans-n-2,balans,noun,evenwicht,B2,source_candidate_not_curated
nt2-odwn:bestuderen-v-2,bestuderen,verb,onderzoeken,B2,source_candidate_not_curated
nt2-odwn:bewustzijn-n-1,bewustzijn,noun,vermogen tot besef,B2,source_candidate_not_curated
nt2-odwn:rijkdom-n-1,rijkdom,noun,het rijk zijn,B2,source_candidate_not_curated
nt2-odwn:zitting-n-2,zitting,noun,"vergadering, zitting hebben in",B2,source_candidate_not_curated
nt2-odwn:openlijk-a-1,openlijk,adjective,niet verborgen,B2,source_candidate_not_curated
nt2-odwn:bedreiging-n-1,bedreiging,noun,dreigement,B2,source_candidate_not_curated
nt2-odwn:paradijs-n-3,paradijs,noun,plaats waar het goed toeven is,B2,source_candidate_not_curated
nt2-odwn:alternatief-n-1,alternatief,noun,andere mogelijkheid,B2,source_candidate_not_curated
nt2-odwn:overeenkomst-n-1,overeenkomst,noun,het gelijk zijn of lijken op,B2,source_candidate_not_curated
nt2-odwn:verklaren-v-3,verklaren,verb,zich benoemen tot,B2,source_candidate_not_curated
nt2-odwn:architect-n-1,architect,noun,ontwerper van gebouwen,B2,source_candidate_not_curated
nt2-odwn:besef-n-1,besef,noun,"bewuste, duidelijke voorstelling",B2,source_candidate_not_curated
nt2-odwn:betrekken-v-3,betrekken,verb,<goederen> kopen bij,B2,source_candidate_not_curated
nt2-odwn:kijk-n-1,kijk,noun,manier van kijken,B2,source_candidate_not_curated
nt2-odwn:kanaal-n-5,kanaal,noun,pijp,B2,source_candidate_not_curated
nt2-odwn:dreigen-v-1,dreigen,verb,bang maken,B2,source_candidate_not_curated
nt2-odwn:kern-n-2,kern,noun,belangrijkste,B2,source_candidate_not_curated
nt2-odwn:neger-n-1,neger,noun,iemand met donkere huidskleur,B2,source_candidate_not_curated
nt2-odwn:hoogte-n-2,hoogte,noun,hoog gelegen plaats,B2,source_candidate_not_curated
nt2-odwn:sfeer-n-3,sfeer,noun,laag lucht in de dampkring met ongeveer gelijke dichtheid,B2,source_candidate_not_curated
nt2-odwn:opzet-n-2,opzet,noun,bewuste bedoeling,B2,source_candidate_not_curated
nt2-odwn:netwerk-n-2,netwerk,noun,fysiek systeem in de vorm van een netwerk met veel verbindingen,B2,source_candidate_not_curated
nt2-odwn:ambitie-n-1,ambitie,noun,streven naar eer,B2,source_candidate_not_curated
nt2-odwn:helikopter-n-1,helikopter,noun,vliegtuig met horizontaal roterend blad,B2,source_candidate_not_curated
nt2-odwn:negeren-v-2,negeren,verb,pesten,B2,source_candidate_not_curated
nt2-odwn:presentatie-n-5,presentatie,noun,voordracht,B2,source_candidate_not_curated
nt2-odwn:verhouding-n-4,verhouding,noun,afmeting of grootte,B2,source_candidate_not_curated
nt2-odwn:gezag-n-1,gezag,noun,algemeen aanvaarde macht,B2,source_candidate_not_curated
nt2-odwn:mislukking-n-1,mislukking,noun,iets met tegenvallend resultaat,B2,source_candidate_not_curated
nt2-odwn:game-n-1,game,noun,deel v.e. tennisset,B2,source_candidate_not_curated
nt2-odwn:profiel-n-3,profiel,noun,beschrijving v.e. (denkbeeldig) persoon,B2,source_candidate_not_curated
nt2-odwn:bewaken-v-1,bewaken,verb,toezien op zodat iemand niet binnenkomt of ergens aan komt,B2,source_candidate_not_curated
nt2-odwn:shirt-n-1,shirt,noun,overhemd,B2,source_candidate_not_curated
nt2-odwn:document-n-1,document,noun,geschreven of gedrukt stuk,B2,source_candidate_not_curated
nt2-odwn:groei-n-2,groei,noun,de uitbreiding van niet-organismen,B2,source_candidate_not_curated
nt2-odwn:planeet-n-1,planeet,noun,niet-lichtend hemellichaam,B2,source_candidate_not_curated
nt2-odwn:dienen-v-3,dienen,verb,voorkomen,B2,source_candidate_not_curated
nt2-odwn:medaille-n-1,medaille,noun,beloning voor verdienste of als prijs,B2,source_candidate_not_curated
nt2-odwn:inzet-n-2,inzet,noun,ingelegd geld bij gokken,B2,source_candidate_not_curated
nt2-odwn:afvragen-v-1,afvragen,verb,betwijfelen,B2,source_candidate_not_curated
nt2-odwn:uitvoeren-v-1,uitvoeren,verb,exporteren,B2,source_candidate_not_curated
nt2-odwn:richten-v-4,richten,verb,aanspreken,B2,source_candidate_not_curated
nt2-odwn:toezicht-n-1,toezicht,noun,"controle op kwaliteit, uitvoering etc.",B2,source_candidate_not_curated
nt2-odwn:milieu-n-1,milieu,noun,sociale omgeving,B2,source_candidate_not_curated
nt2-odwn:loop-n-6,loop,noun,manier waarop iets zich ontwikkelt,B2,source_candidate_not_curated
nt2-odwn:mail-n-1,mail,noun,e-mailbericht,B2,source_candidate_not_curated
nt2-odwn:discipline-n-1,discipline,noun,tucht,B2,source_candidate_not_curated
nt2-odwn:god-n-3,god,noun,iemand die wordt verafgood,B2,source_candidate_not_curated
nt2-odwn:horizontaal-a-1,horizontaal,adjective,evenwijdig aan de horizon,B2,source_candidate_not_curated
nt2-odwn:maal-n-2,maal,noun,het eten,B2,source_candidate_not_curated
nt2-odwn:rechtszaak-n-1,rechtszaak,noun,gerechtelijk proces,B2,source_candidate_not_curated
nt2-odwn:genade-n-4,genade,noun,bewijs van gunst,B2,source_candidate_not_curated
nt2-odwn:assistent-n-1,assistent,noun,ondersteunend medewerker,B2,source_candidate_not_curated
nt2-odwn:structuur-n-1,structuur,noun,opbouw veelal volgens een systeem,B2,source_candidate_not_curated
nt2-odwn:eenheid-n-1,eenheid,noun,toestand v.h. niet verdeeld zijn,B2,source_candidate_not_curated
nt2-odwn:jongedame-n-1,jongedame,noun,jonge vrouw,B2,source_candidate_not_curated
nt2-odwn:evenwicht-n-2,evenwicht,noun,harmonie,B2,source_candidate_not_curated
nt2-odwn:aangeven-v-4,aangeven,verb,met tekens aanduiden,B2,source_candidate_not_curated
nt2-odwn:voegen-v-1,voegen,verb,"verbinden, verenigen",B2,source_candidate_not_curated
nt2-odwn:vermogen-n-3,vermogen,noun,de maat van wat iets kan verwerken of presteren,B2,source_candidate_not_curated
nt2-odwn:achtergrond-n-1,achtergrond,noun,decor,B2,source_candidate_not_curated
nt2-odwn:waardigheid-n-1,waardigheid,noun,het waardig zijn,B2,source_candidate_not_curated
nt2-odwn:melding-n-1,melding,noun,het doorgeven v.e. bericht,B2,source_candidate_not_curated
nt2-odwn:factor-n-1,factor,noun,medebepalende omstandigheid,B2,source_candidate_not_curated
nt2-odwn:beweging-n-2,beweging,noun,organisatie,B2,source_candidate_not_curated
nt2-odwn:lading-n-1,lading,noun,vracht,B2,source_candidate_not_curated
nt2-odwn:vloek-n-2,vloek,noun,scheldwoord,B2,source_candidate_not_curated
nt2-odwn:ondergang-n-1,ondergang,noun,het onder de oppervlakte verdwijnen,B2,source_candidate_not_curated
nt2-odwn:definitie-n-1,definitie,noun,omschrijving van woord of begrip,B2,source_candidate_not_curated
nt2-odwn:troep-n-2,troep,noun,bende,B2,source_candidate_not_curated
nt2-odwn:troep-n-5,troep,noun,van slechte kwaliteit,B2,source_candidate_not_curated
nt2-odwn:zeeman-n-1,zeeman,noun,iemand die beroepsmatig vaart,B2,source_candidate_not_curated
nt2-odwn:symptoom-n-1,symptoom,noun,verschijnsel v.e. ziekte,B2,source_candidate_not_curated
nt2-odwn:overtuiging-n-1,overtuiging,noun,mening,B2,source_candidate_not_curated
nt2-odwn:afleggen-v-1,afleggen,verb,(sommige handelingen) verrichten,B2,source_candidate_not_curated
nt2-odwn:cel-n-4,cel,noun,deel v.e. batterij,B2,source_candidate_not_curated
nt2-odwn:romantiek-n-1,romantiek,noun,het tot gevoel en verbeelding sprekende,B2,source_candidate_not_curated
nt2-odwn:omgangstaal-n-1,omgangstaal,noun,algemene spreektaal,B2,source_candidate_not_curated
nt2-odwn:energie-n-2,energie,noun,arbeid(svermogen),B2,source_candidate_not_curated
nt2-odwn:overtreding-n-2,overtreding,noun,minder ernstig strafbaar feit,B2,source_candidate_not_curated
nt2-odwn:onderneming-n-1,onderneming,noun,grote klus,B2,source_candidate_not_curated
nt2-odwn:taalgebruik-n-1,taalgebruik,noun,geheel van taaluitingen,B2,source_candidate_not_curated
nt2-odwn:ontdekking-n-1,ontdekking,noun,het ergens achter komen of uitvinden,B2,source_candidate_not_curated
nt2-odwn:mensheid-n-1,mensheid,noun,alle mensen v.d. wereld,B2,source_candidate_not_curated
nt2-odwn:menen-v-2,menen,verb,voorhebben,B2,source_candidate_not_curated
nt2-odwn:blokkeren-v-2,blokkeren,verb,"zorgen dat iets niet gebruikt kan worden (rekening, pasje, simkaart)",B2,source_candidate_not_curated
nt2-odwn:verbeelding-n-1,verbeelding,noun,fantasie,B2,source_candidate_not_curated
nt2-odwn:stelling-n-1,stelling,noun,bewering als basis voor een redenering,B2,source_candidate_not_curated
nt2-odwn:optie-n-1,optie,noun,recht om iets te (laten) kopen,B2,source_candidate_not_curated
nt2-odwn:scoren-v-3,scoren,verb,zich positief onderscheiden,B2,source_candidate_not_curated
nt2-odwn:beoordelen-v-1,beoordelen,verb,je mening geven,B2,source_candidate_not_curated
nt2-odwn:getuige-n-2,getuige,noun,die voor een rechtbank iets verklaart,B2,source_candidate_not_curated
nt2-odwn:ondenkbaar-a-1,ondenkbaar,adjective,niet voorstelbaar,B2,source_candidate_not_curated
nt2-odwn:gelovige-n-1,gelovige,noun,iemand die gelooft,B2,source_candidate_not_curated
nt2-odwn:laboratorium-n-1,laboratorium,noun,werkplaats voor onderzoek,B2,source_candidate_not_curated
nt2-odwn:aandeel-n-2,aandeel,noun,"proportioneel deel van een geheel, met name in aantallen",B2,source_candidate_not_curated
nt2-odwn:perspectief-n-1,perspectief,noun,vooruitzicht,B2,source_candidate_not_curated
nt2-odwn:opleveren-v-1,opleveren,verb,verschaffen,B2,source_candidate_not_curated
nt2-odwn:aanklager-n-1,aanklager,noun,iemand die een formele klacht indient,B2,source_candidate_not_curated
nt2-odwn:aanleiding-n-1,aanleiding,noun,omstandigheid die iets teweegbrengt,B2,source_candidate_not_curated
nt2-odwn:onafhankelijkheid-n-1,onafhankelijkheid,noun,autonomie v.e. staat of volk,B2,source_candidate_not_curated
nt2-odwn:fantasie-n-1,fantasie,noun,verbeeldingskracht,B2,source_candidate_not_curated
nt2-odwn:dosis-n-1,dosis,noun,afgemeten hoeveelheid,B2,source_candidate_not_curated
nt2-odwn:verwachting-n-1,verwachting,noun,iets dat je denkt dat zal gebeuren,B2,source_candidate_not_curated
nt2-odwn:beheersen-v-3,beheersen,verb,kennis of een vaardigheid hebben,B2,source_candidate_not_curated
nt2-odwn:gezelschap-n-2,gezelschap,noun,personen die bijeen zijn,B2,source_candidate_not_curated
nt2-odwn:stellen-v-6,stellen,verb,op schrift zetten,B2,source_candidate_not_curated
nt2-odwn:jood-n-2,jood,noun,joods gelovige,B2,source_candidate_not_curated
nt2-odwn:verzet-n-3,verzet,noun,versnelling op een fiets,B2,source_candidate_not_curated
nt2-odwn:menu-n-1,menu,noun,overzicht v.d. spijzen,B2,source_candidate_not_curated
nt2-odwn:pikken-v-2,pikken,verb,jatten,B2,source_candidate_not_curated
nt2-odwn:ongedeerd-a-1,ongedeerd,adjective,niet gewond,B2,source_candidate_not_curated
nt2-odwn:nazi-n-1,nazi,noun,aanhanger v.h. nationaal-socialisme,B2,source_candidate_not_curated
nt2-odwn:uitkomst-n-1,uitkomst,noun,afloop,B2,source_candidate_not_curated
nt2-odwn:voldoen-v-3,voldoen,verb,volstaan,B2,source_candidate_not_curated
nt2-odwn:goedkeuring-n-1,goedkeuring,noun,toestemming voor iets,B2,source_candidate_not_curated
nt2-odwn:aandeel-n-1,aandeel,noun,bewijs van investering in een bedrijf,B2,source_candidate_not_curated
nt2-odwn:vrijwilliger-n-1,vrijwilliger,noun,iemand die vrijwillig iets doet,B2,source_candidate_not_curated
nt2-odwn:overnemen-v-4,overnemen,verb,ontlenen,B2,source_candidate_not_curated
nt2-odwn:verrichten-v-1,verrichten,verb,"uitvoeren, doen",B2,source_candidate_not_curated
nt2-odwn:koper-n-2,koper,noun,iem. die koopt of wenst te kopen,B2,source_candidate_not_curated
nt2-odwn:bevestigen-v-4,bevestigen,verb,sterker maken,B2,source_candidate_not_curated
nt2-odwn:instelling-n-2,instelling,noun,organisatie,B2,source_candidate_not_curated
nt2-odwn:bijdrage-n-1,bijdrage,noun,financiële inbreng,B2,source_candidate_not_curated
nt2-odwn:sms-n-1,sms,noun,kort bericht via (mobiele) telefoon,B2,source_candidate_not_curated
nt2-odwn:bedragen-v-1,bedragen,verb,een som of hoeveelheid vormen,B2,source_candidate_not_curated
nt2-odwn:vreemdeling-n-1,vreemdeling,noun,buitenlander,B2,source_candidate_not_curated
nt2-odwn:strijden-v-1,strijden,verb,strijd leveren,B2,source_candidate_not_curated
nt2-odwn:betrekken-v-6,betrekken,verb,in verband brengen met,B2,source_candidate_not_curated
nt2-odwn:aangeven-v-2,aangeven,verb,zonder rechtstreeks gebaar aanwijzen;impliciet laten weten;zonder rechtstreeks gebaar aanwijzen;,B2,source_candidate_not_curated
nt2-odwn:plaatsen-v-4,plaatsen,verb,geld op interest plaatsen,B2,source_candidate_not_curated
nt2-odwn:pretpark-n-1,pretpark,noun,grote speeltuin met attracties,B2,source_candidate_not_curated
nt2-odwn:indienen-v-1,indienen,verb,voorleggen,B2,source_candidate_not_curated
nt2-odwn:verslaving-n-1,verslaving,noun,het verslaafd zijn,B2,source_candidate_not_curated
nt2-odwn:zicht-n-1,zicht,noun,vermogen tot zien,B2,source_candidate_not_curated
nt2-odwn:bestrijden-v-2,bestrijden,verb,trachten een einde te maken aan,B2,source_candidate_not_curated
nt2-odwn:imago-n-1,imago,noun,beeld naar de buitenwereld,B2,source_candidate_not_curated
nt2-odwn:aandeel-n-3,aandeel,noun,"dat wat men bijdraagt, immaterieel, als inspanning",B2,source_candidate_not_curated
nt2-odwn:overzicht-n-2,overzicht,noun,korte opgave,B2,source_candidate_not_curated
nt2-odwn:terechtkomen-v-1,terechtkomen,verb,toevallig ergens belanden,B2,source_candidate_not_curated
nt2-odwn:beëindigen-v-1,beëindigen,verb,stoppen,B2,source_candidate_not_curated
nt2-odwn:ronde-n-3,ronde,noun,serie wedstrijden,B2,source_candidate_not_curated
nt2-odwn:winstgevend-a-1,winstgevend,adjective,lucratief,B2,source_candidate_not_curated
nt2-odwn:standbeeld-n-1,standbeeld,noun,beeld v.e. persoon als kunstwerk,B2,source_candidate_not_curated
nt2-odwn:vervoeren-v-1,vervoeren,verb,naar elders voeren,B2,source_candidate_not_curated
nt2-odwn:handdruk-n-1,handdruk,noun,het schudden van iemands hand,B2,source_candidate_not_curated
nt2-odwn:som-n-3,som,noun,geldbedrag,B2,source_candidate_not_curated
nt2-odwn:fictie-n-2,fictie,noun,schijfwijze met verzonnen elementen,B2,source_candidate_not_curated
nt2-odwn:stichten-v-1,stichten,verb,laten ontstaan,B2,source_candidate_not_curated
nt2-odwn:capaciteit-n-2,capaciteit,noun,bekwaamheid,B2,source_candidate_not_curated
nt2-odwn:verslaafde-n-1,verslaafde,noun,iemand verslaafd aan drugs of drank,B2,source_candidate_not_curated
nt2-odwn:concurrent-n-1,concurrent,noun,iemand met wie men concurreert,B2,source_candidate_not_curated
nt2-odwn:verkiezen-v-1,verkiezen,verb,liever willen,B2,source_candidate_not_curated
nt2-odwn:spot-n-2,spot,noun,reclamefilmpje,B2,source_candidate_not_curated
nt2-odwn:verplichten-v-3,verplichten,verb,"de verantwoordelijkheid, de uitvoering van iets op zich nemen",B2,source_candidate_not_curated
nt2-odwn:lossen-v-1,lossen,verb,van lading ontdoen,B2,source_candidate_not_curated
nt2-odwn:tussentaal-n-1,tussentaal,noun,taal als overgang v.d. één naar de ander,B2,source_candidate_not_curated
nt2-odwn:schepen-n-2,schepen,noun,wethouder in België,B2,source_candidate_not_curated
nt2-odwn:vestigen-v-1,vestigen,verb,een plaats geven,B2,source_candidate_not_curated
nt2-odwn:bouw-n-3,bouw,noun,bouwwijze,B2,source_candidate_not_curated
nt2-odwn:vaderland-n-1,vaderland,noun,land van geboorte,B2,source_candidate_not_curated
nt2-odwn:betaling-n-1,betaling,noun,afrekening,B2,source_candidate_not_curated
nt2-odwn:applaus-n-1,applaus,noun,handgeklap,B2,source_candidate_not_curated
nt2-odwn:verslaven-v-1,verslaven,verb,afhankelijk raken,B2,source_candidate_not_curated
nt2-odwn:inspiratie-n-1,inspiratie,noun,bezieling,B2,source_candidate_not_curated
nt2-odwn:afwijking-n-1,afwijking,noun,verschil met standaard,B2,source_candidate_not_curated
nt2-odwn:dilemma-n-1,dilemma,noun,moeilijke keuze,B2,source_candidate_not_curated
nt2-odwn:uitschakelen-v-1,uitschakelen,verb,afzetten,B2,source_candidate_not_curated
nt2-odwn:afwijzen-v-1,afwijzen,verb,iemand niet accepteren,B2,source_candidate_not_curated
nt2-odwn:echo-n-1,echo,noun,weerkaatsing van geluid,B2,source_candidate_not_curated
nt2-odwn:hakken-v-1,hakken,verb,kappen met bijl of mes,B2,source_candidate_not_curated
nt2-odwn:leverancier-n-1,leverancier,noun,iemand die goederen levert,B2,source_candidate_not_curated
nt2-odwn:opname-n-1,opname,noun,verblijf in een ziekenhuis,B2,source_candidate_not_curated
nt2-odwn:bevoegdheid-n-1,bevoegdheid,noun,recht om iets te doen,B2,source_candidate_not_curated
nt2-odwn:verantwoording-n-1,verantwoording,noun,verklaring van je daden of handelswijze,B2,source_candidate_not_curated
nt2-odwn:begroeten-v-1,begroeten,verb,verwelkomen,B2,source_candidate_not_curated
nt2-odwn:aanslag-n-3,aanslag,noun,poging tot moord,B2,source_candidate_not_curated
nt2-odwn:noteren-v-1,noteren,verb,opschrijven,B2,source_candidate_not_curated
nt2-odwn:huisvrouw-n-1,huisvrouw,noun,vrouw die voor het gezin zorgt,B2,source_candidate_not_curated
nt2-odwn:vakbond-n-1,vakbond,noun,vereniging van mensen met gelijk werk,B2,source_candidate_not_curated
nt2-odwn:kenmerken-v-2,kenmerken,verb,markeren,B2,source_candidate_not_curated
nt2-odwn:moraal-n-1,moraal,noun,opvatting over goed en slecht,B2,source_candidate_not_curated
nt2-odwn:chaos-n-1,chaos,noun,wanorde,B2,source_candidate_not_curated
nt2-odwn:storten-v-1,storten,verb,hard vallen,B2,source_candidate_not_curated
nt2-odwn:kleuren-v-1,kleuren,verb,kleur krijgen,B2,source_candidate_not_curated
nt2-odwn:muzikant-n-1,muzikant,noun,iemand die professioneel muziek maakt,B2,source_candidate_not_curated
nt2-odwn:toegang-n-2,toegang,noun,entreemogelijkheid,B2,source_candidate_not_curated
nt2-odwn:buitenkant-n-1,buitenkant,noun,uitwendige,B2,source_candidate_not_curated
nt2-odwn:verraad-n-1,verraad,noun,schending van trouw of vertrouwen,B2,source_candidate_not_curated
nt2-odwn:vestigen-v-5,vestigen,verb,gaan wonen,B2,source_candidate_not_curated
nt2-odwn:rechtvaardig-a-1,rechtvaardig,adjective,billijk,B2,source_candidate_not_curated
nt2-odwn:verwarren-v-2,verwarren,verb,in gedachten verwisselen,B2,source_candidate_not_curated
nt2-odwn:nieuwkomer-n-1,nieuwkomer,noun,nieuweling,B2,source_candidate_not_curated
nt2-odwn:protestant-n-1,protestant,noun,aanhanger v.h. protestantisme,B2,source_candidate_not_curated
nt2-odwn:mishandeling-n-1,mishandeling,noun,het iemand letsel toebrengen,B2,source_candidate_not_curated
nt2-odwn:analyse-n-2,analyse,noun,therapeutische behandelingswijze,B2,source_candidate_not_curated
nt2-odwn:viool-n-1,viool,noun,strijkinstrument,B2,source_candidate_not_curated
nt2-odwn:metafoor-n-1,metafoor,noun,figuurlijk gebruik obv. vergelijking,B2,source_candidate_not_curated
nt2-odwn:genoegen-n-2,genoegen,noun,aangename gebeurtenis,B2,source_candidate_not_curated
nt2-odwn:identiteit-n-2,identiteit,noun,algemene gelijkheid,B2,source_candidate_not_curated
nt2-odwn:weeshuis-n-1,weeshuis,noun,tehuis voor wezen,B2,source_candidate_not_curated
nt2-odwn:taalgebruiker-n-1,taalgebruiker,noun,spreker/schrijver,B2,source_candidate_not_curated
nt2-odwn:puber-n-1,puber,noun,kind tussen de dertien en achttien jaar,B2,source_candidate_not_curated
nt2-odwn:eer-n-1,eer,noun,achting,B2,source_candidate_not_curated
nt2-odwn:persoonlijkheid-n-2,persoonlijkheid,noun,opvallend iemand,B2,source_candidate_not_curated
nt2-odwn:album-n-3,album,noun,plaat of cd,B2,source_candidate_not_curated
nt2-odwn:koopman-n-1,koopman,noun,handelsman,B2,source_candidate_not_curated
nt2-odwn:c-n-1,c,noun,letter v.h. alfabet,B2,source_candidate_not_curated
nt2-odwn:inhuren-v-1,inhuren,verb,in dienst nemen,B2,source_candidate_not_curated
nt2-odwn:staat-n-1,staat,noun,toestand,B2,source_candidate_not_curated
nt2-odwn:figuur-n-5,figuur,noun,schematische voorstelling in tekst,B2,source_candidate_not_curated
nt2-odwn:nieuwjaar-n-1,nieuwjaar,noun,komend of pas begonnen jaar,B2,source_candidate_not_curated
nt2-odwn:orkaan-n-1,orkaan,noun,heel erg zware storm,B2,source_candidate_not_curated
nt2-odwn:pepernoot-n-1,pepernoot,noun,"hard, met speculaas gekruid snoepje",B2,source_candidate_not_curated
nt2-odwn:grootmoeder-n-1,grootmoeder,noun,moeder van vader of moeder,B2,source_candidate_not_curated
nt2-odwn:overkomen-v-4,overkomen,verb,de indruk geven,B2,source_candidate_not_curated
nt2-odwn:vaas-n-1,vaas,noun,houder voor bloemen,B2,source_candidate_not_curated
nt2-odwn:fenomeen-n-2,fenomeen,noun,opmerkelijk persoon,B2,source_candidate_not_curated
nt2-odwn:veer-n-2,veer,noun,metalen spiraal,B2,source_candidate_not_curated
nt2-odwn:gracht-n-1,gracht,noun,gegraven kanaal in of rond een stad,B2,source_candidate_not_curated
nt2-odwn:instantie-n-2,instantie,noun,behandeling v.e. rechtszaak,B2,source_candidate_not_curated
nt2-odwn:leiding-n-3,leiding,noun,"buis voor elektriciteit, gas of water",B2,source_candidate_not_curated
nt2-odwn:concurrentie-n-1,concurrentie,noun,het concurreren,B2,source_candidate_not_curated
nt2-odwn:aannemen-v-4,aannemen,verb,werk op zich nemen,B2,source_candidate_not_curated
nt2-odwn:schot-n-2,schot,noun,keer dat je een bal gooit of schopt,B2,source_candidate_not_curated
nt2-odwn:tweeling-n-1,tweeling,noun,twee kinderen uit één zwangerschap,B2,source_candidate_not_curated
nt2-odwn:voorstelling-n-1,voorstelling,noun,opvoering op het toneel,B2,source_candidate_not_curated
nt2-odwn:onaanvaardbaar-a-1,onaanvaardbaar,adjective,niet te aanvaarden,B2,source_candidate_not_curated
nt2-odwn:ontwerp-n-2,ontwerp,noun,uitgeschreven idee,B2,source_candidate_not_curated
nt2-odwn:aarzelen-v-1,aarzelen,verb,weifelen,B2,source_candidate_not_curated
nt2-odwn:genade-n-1,genade,noun,vergevingsgezinde houding,B2,source_candidate_not_curated
nt2-odwn:afwezigheid-n-1,afwezigheid,noun,het afwezig zijn,B2,source_candidate_not_curated
nt2-odwn:inrichting-n-3,inrichting,noun,het inrichten van een huis,B2,source_candidate_not_curated
nt2-odwn:beschuldiging-n-1,beschuldiging,noun,aanklacht,B2,source_candidate_not_curated
nt2-odwn:parel-n-1,parel,noun,in oester gevormd bolletje als sieraad,B2,source_candidate_not_curated
nt2-odwn:overwinnen-v-2,overwinnen,verb,onderdrukken,B2,source_candidate_not_curated
nt2-odwn:neiging-n-1,neiging,noun,tendens,B2,source_candidate_not_curated
nt2-odwn:bel-n-1,bel,noun,installatie voor geluidssignaal,B2,source_candidate_not_curated
nt2-odwn:wegwezen-v-1,wegwezen,verb,wegrennen,B2,source_candidate_not_curated
nt2-odwn:souvenir-n-1,souvenir,noun,aandenken,B2,source_candidate_not_curated
nt2-odwn:schema-n-1,schema,noun,tekening v.d. werking of bouw,B2,source_candidate_not_curated
nt2-odwn:verhouding-n-2,verhouding,noun,liefdesrelatie,B2,source_candidate_not_curated
nt2-odwn:concentratie-n-3,concentratie,noun,aandacht,B2,source_candidate_not_curated
nt2-odwn:kern-n-1,kern,noun,binnenste,B2,source_candidate_not_curated
nt2-odwn:haak-n-1,haak,noun,voorwerp om iets aan op te hangen,B2,source_candidate_not_curated
nt2-odwn:kabel-n-1,kabel,noun,"dik touw, vaak van staal",B2,source_candidate_not_curated
nt2-odwn:verzekeren-v-1,verzekeren,verb,garanderen,B2,source_candidate_not_curated
nt2-odwn:betrekken-v-2,betrekken,verb,zich vestigen,B2,source_candidate_not_curated
nt2-odwn:uitmaken-v-5,uitmaken,verb,uitschelden,B2,source_candidate_not_curated
nt2-odwn:wacht-n-2,wacht,noun,waker,B2,source_candidate_not_curated
nt2-odwn:sluier-n-2,sluier,noun,zwarting op foto's,B2,source_candidate_not_curated
nt2-odwn:verleidelijk-a-1,verleidelijk,adjective,aanlokkelijk,B2,source_candidate_not_curated
nt2-odwn:waarschuwing-n-1,waarschuwing,noun,aanmaning om iets (niet) te doen,B2,source_candidate_not_curated
nt2-odwn:tekort-n-1,tekort,noun,ontbrekend geldbedrag,B2,source_candidate_not_curated
nt2-odwn:ongekend-a-1,ongekend,adjective,uniek,B2,source_candidate_not_curated
nt2-odwn:atleet-n-1,atleet,noun,sporter die aan atletiek doet,B2,source_candidate_not_curated
nt2-odwn:doorzoeken-v-1,doorzoeken,verb,doorsnuffelen,B2,source_candidate_not_curated
nt2-odwn:tournee-n-1,tournee,noun,rondrit voor je werk,B2,source_candidate_not_curated
nt2-odwn:schrijfster-n-2,schrijfster,noun,vrouw die iets opschrijft,B2,source_candidate_not_curated
nt2-odwn:zwijn-n-2,zwijn,noun,onbeschoft iemand,B2,source_candidate_not_curated
nt2-odwn:verschijnsel-n-1,verschijnsel,noun,iets dat voorkomt,B2,source_candidate_not_curated
nt2-odwn:geslacht-n-2,geslacht,noun,lichamelijke sekse,B2,source_candidate_not_curated
nt2-odwn:uitvinden-v-1,uitvinden,verb,mbt. een uitvinding,B2,source_candidate_not_curated
nt2-odwn:pesten-v-1,pesten,verb,treiteren,B2,source_candidate_not_curated
nt2-odwn:verdachte-n-1,verdachte,noun,iemand die verdacht wordt,B2,source_candidate_not_curated
nt2-odwn:kring-n-2,kring,noun,groep bekenden,B2,source_candidate_not_curated
nt2-odwn:onopvallend-a-1,onopvallend,adjective,niet opvallend,B2,source_candidate_not_curated
nt2-odwn:uitspraak-n-2,uitspraak,noun,dat wat gezegd is,B2,source_candidate_not_curated
nt2-odwn:rover-n-1,rover,noun,iemand die van roof leeft,B2,source_candidate_not_curated
nt2-odwn:cliënt-n-1,cliënt,noun,klant,B2,source_candidate_not_curated
nt2-odwn:herrie-n-3,herrie,noun,"beroering, sterke beweging",B2,source_candidate_not_curated
nt2-odwn:lezing-n-2,lezing,noun,visie op een gebeurtenis of tekst,B2,source_candidate_not_curated
nt2-odwn:monument-n-1,monument,noun,iets bedoeld om te blijven herinneren,B2,source_candidate_not_curated
nt2-odwn:discipline-n-2,discipline,noun,tak van wetenschap of sport,B2,source_candidate_not_curated
nt2-odwn:verhuizing-n-1,verhuizing,noun,het verhuizen,B2,source_candidate_not_curated
nt2-odwn:hechten-v-6,hechten,verb,iets belangrijk vinden,B2,source_candidate_not_curated
nt2-odwn:optreden-n-1,optreden,noun,"uitvoering van dans, theater, zang etc.",B2,source_candidate_not_curated
nt2-odwn:dienaar-n-2,dienaar,noun,"iem. die een ander vrijwillig en nederig diensten bewijst, of die zich aan een persoon/zaak toewijdt",B2,source_candidate_not_curated
nt2-odwn:inzetten-v-7,inzetten,verb,inspannen,B2,source_candidate_not_curated
nt2-odwn:uiteenlopend-a-1,uiteenlopend,adjective,verschillend,B2,source_candidate_not_curated
nt2-odwn:caravan-n-1,caravan,noun,vakantiehuisje op wielen,B2,source_candidate_not_curated
nt2-odwn:competitie-n-2,competitie,noun,rivaliteit,B2,source_candidate_not_curated
nt2-odwn:uitstappen-v-1,uitstappen,verb,een voertuig verlaten,B2,source_candidate_not_curated
nt2-odwn:ritme-n-1,ritme,noun,cadans,B2,source_candidate_not_curated
nt2-odwn:studiebegeleiding-n-1,studiebegeleiding,noun,begeleiding van studenten,B2,source_candidate_not_curated
nt2-odwn:beschadigen-v-1,beschadigen,verb,schade toebrengen,B2,source_candidate_not_curated
nt2-odwn:rukken-v-1,rukken,verb,een ruk geven,B2,source_candidate_not_curated
nt2-odwn:plaat-n-4,plaat,noun,verheffing van de bodem onder water,B2,source_candidate_not_curated
nt2-odwn:ruk-n-1,ruk,noun,"korte, trekkende beweging",B2,source_candidate_not_curated
nt2-odwn:opvoeden-v-1,opvoeden,verb,doen opgroeien,B2,source_candidate_not_curated
nt2-odwn:datje-n-1,datje,noun,iets onbelangrijks,B2,source_candidate_not_curated
nt2-odwn:joint-n-1,joint,noun,sigaret met hasj,B2,source_candidate_not_curated
nt2-odwn:klappen-v-1,klappen,verb,applaudisseren,B2,source_candidate_not_curated
nt2-odwn:kerstman-n-1,kerstman,noun,sprookjesfiguur,B2,source_candidate_not_curated
nt2-odwn:maker-n-1,maker,noun,iemand die iets gemaakt heeft,B2,source_candidate_not_curated
nt2-odwn:verbreken-v-3,verbreken,verb,beëindigen,B2,source_candidate_not_curated
nt2-odwn:garanderen-v-1,garanderen,verb,bij aankoop garantie geven,B2,source_candidate_not_curated
nt2-odwn:eikel-n-3,eikel,noun,scheldwoord,B2,source_candidate_not_curated
nt2-odwn:zegen-n-2,zegen,noun,gunstblijk v.e. hogere macht,B2,source_candidate_not_curated
nt2-odwn:verwerken-v-4,verwerken,verb,mee laten tellen in een redenering of betoog; bij het bewerken opnemen,B2,source_candidate_not_curated
nt2-odwn:bewijsstuk-n-1,bewijsstuk,noun,voorwerp als bewijs,B2,source_candidate_not_curated
nt2-odwn:shit-n-3,shit,noun,hasj,B2,source_candidate_not_curated
nt2-odwn:waard-n-1,waard,noun,eigenaar/uitbater v.e. café,B2,source_candidate_not_curated
nt2-odwn:woordenboek-n-1,woordenboek,noun,lijst met woorden met hun eigenschappen,B2,source_candidate_not_curated
nt2-odwn:galg-n-1,galg,noun,werktuig om misdadigers op te hangen,B2,source_candidate_not_curated
nt2-odwn:ingaan-v-1,ingaan,verb,komen in,B2,source_candidate_not_curated
nt2-odwn:autobestuurder-n-1,autobestuurder,noun,chauffeur,B2,source_candidate_not_curated
nt2-odwn:melodie-n-1,melodie,noun,wijs v.e. liedje,B2,source_candidate_not_curated
nt2-odwn:blok-n-2,blok,noun,groep huizen,B2,source_candidate_not_curated
nt2-odwn:huisgenoot-n-1,huisgenoot,noun,medebewoner,B2,source_candidate_not_curated
nt2-odwn:knijpen-v-1,knijpen,verb,samenpersen,B2,source_candidate_not_curated
nt2-odwn:buis-n-1,buis,noun,langwerpig hol voorwerp,B2,source_candidate_not_curated
nt2-odwn:poos-n-1,poos,noun,periode,B2,source_candidate_not_curated
nt2-odwn:maal-n-1,maal,noun,keer,B2,source_candidate_not_curated
nt2-odwn:teruggeven-v-1,teruggeven,verb,terugbetalen,B2,source_candidate_not_curated
nt2-odwn:bespreking-n-1,bespreking,noun,officieel gesprek,B2,source_candidate_not_curated
nt2-odwn:verdediging-n-5,verdediging,noun,achterhoede v.e. sportteam,B2,source_candidate_not_curated
nt2-odwn:paradijs-n-2,paradijs,noun,hemel in het hiernamaals,B2,source_candidate_not_curated
nt2-odwn:verwachting-n-2,verwachting,noun,het iets verwachten,B2,source_candidate_not_curated
nt2-odwn:overnemen-v-2,overnemen,verb,aanschaffen,B2,source_candidate_not_curated
nt2-odwn:rondlopen-v-3,rondlopen,verb,in allerlei richtingen lopen,B2,source_candidate_not_curated
nt2-odwn:afwachten-v-1,afwachten,verb,wachten tot iets gebeurt,B2,source_candidate_not_curated
nt2-odwn:opkomst-n-2,opkomst,noun,het groeien of zich ontwikkelen,B2,source_candidate_not_curated
nt2-odwn:voorzien-v-3,voorzien,verb,verschaffen,B2,source_candidate_not_curated
nt2-odwn:dienen-v-5,dienen,verb,ter beschikking stellen van,B2,source_candidate_not_curated
nt2-odwn:afpersing-n-1,afpersing,noun,praktijk van anderen geld afdwingen,B2,source_candidate_not_curated
nt2-odwn:laptop-n-1,laptop,noun,schootcomputer,B2,source_candidate_not_curated
nt2-odwn:orthopedagoog-n-1,orthopedagoog,noun,specialist in de orthopedagogie,B2,source_candidate_not_curated
nt2-odwn:status-n-2,status,noun,wettelijke positie,B2,source_candidate_not_curated
nt2-odwn:stadion-n-1,stadion,noun,groot sportgebouw,B2,source_candidate_not_curated
nt2-odwn:oplopen-v-2,oplopen,verb,op de hals halen,B2,source_candidate_not_curated
nt2-odwn:dialect-n-1,dialect,noun,spraak typisch voor een streek of plaats,B2,source_candidate_not_curated
nt2-odwn:kikker-n-1,kikker,noun,amfibisch dier met lange poten,B2,source_candidate_not_curated
nt2-odwn:onderscheid-n-1,onderscheid,noun,verschil,B2,source_candidate_not_curated
nt2-odwn:rolstoel-n-1,rolstoel,noun,invalidenwagentje,B2,source_candidate_not_curated
nt2-odwn:landschap-n-1,landschap,noun,stuk land dat men beschouwt,B2,source_candidate_not_curated
nt2-odwn:dealer-n-1,dealer,noun,iemand die handelt,B2,source_candidate_not_curated
nt2-odwn:video-n-3,video,noun,filmpje,B2,source_candidate_not_curated
nt2-odwn:vlieg-n-1,vlieg,noun,bepaald tweevleugelig insect,B2,source_candidate_not_curated
nt2-odwn:gulden-n-2,gulden,noun,muntstuk v.e. gulden,B2,source_candidate_not_curated
nt2-odwn:hemelsnaam-n-1,hemelsnaam,noun,godsnaam,B2,source_candidate_not_curated
nt2-odwn:afstuderen-v-1,afstuderen,verb,zijn studie afmaken,B2,source_candidate_not_curated
nt2-odwn:congres-n-1,congres,noun,grote vergadering van experts,B2,source_candidate_not_curated
nt2-odwn:geschreeuw-n-1,geschreeuw,noun,het aanhoudend schreeuwen,B2,source_candidate_not_curated
nt2-odwn:molen-n-1,molen,noun,bouwwerk met wieken,B2,source_candidate_not_curated
nt2-odwn:opkomen-v-1,opkomen,verb,stijgen,B2,source_candidate_not_curated
nt2-odwn:keren-v-3,keren,verb,in tegengestelde richting brengen,B2,source_candidate_not_curated
nt2-odwn:amuseren-v-2,amuseren,verb,zich vermaken,B2,source_candidate_not_curated
nt2-odwn:inzicht-n-2,inzicht,noun,mening,B2,source_candidate_not_curated
nt2-odwn:boeien-v-1,boeien,verb,ketenen,B2,source_candidate_not_curated
nt2-odwn:godsnaam-n-1,godsnaam,noun,naam van god,B2,source_candidate_not_curated
nt2-odwn:voorkant-n-1,voorkant,noun,belangrijkste of zichtbare kant,B2,source_candidate_not_curated
nt2-odwn:schoonvader-n-1,schoonvader,noun,vader van je partner,B2,source_candidate_not_curated
nt2-odwn:spanning-n-3,spanning,noun,elektrische lading,B2,source_candidate_not_curated
nt2-odwn:faculteit-n-3,faculteit,noun,college van hoogleraren,B2,source_candidate_not_curated
nt2-odwn:opzicht-n-1,opzicht,noun,gezichtspunt,B2,source_candidate_not_curated
nt2-odwn:gemiddelde-n-1,gemiddelde,noun,gemiddelde waarde v.e. reeks,B2,source_candidate_not_curated
nt2-odwn:maanlicht-n-1,maanlicht,noun,licht dat de maan geeft,B2,source_candidate_not_curated
nt2-odwn:ronde-n-1,ronde,noun,rondgang,B2,source_candidate_not_curated
nt2-odwn:eer-n-2,eer,noun,hulde,B2,source_candidate_not_curated
nt2-odwn:spits-n-3,spits,noun,voorste spelers in een voetbalelftal,B2,source_candidate_not_curated
nt2-odwn:vertalen-v-1,vertalen,verb,in een andere taal overbrengen,B2,source_candidate_not_curated
nt2-odwn:fenomeen-n-1,fenomeen,noun,buitengewoon natuurverschijnsel,B2,source_candidate_not_curated
nt2-odwn:opleiden-v-1,opleiden,verb,een vak leren,B2,source_candidate_not_curated
nt2-odwn:verkleden-v-1,verkleden,verb,iem. anders kleden,B2,source_candidate_not_curated
nt2-odwn:factor-n-2,factor,noun,getal waarmee vermenigvuldigd wordt,B2,source_candidate_not_curated
nt2-odwn:onderhouden-v-6,onderhouden,verb,"cultiveren, in stand houden (contacten, relaties)",B2,source_candidate_not_curated
nt2-odwn:arbeid-n-1,arbeid,noun,werk,B2,source_candidate_not_curated
nt2-odwn:apotheker-n-1,apotheker,noun,professionele medicijnbereider,B2,source_candidate_not_curated
nt2-odwn:veld-n-3,veld,noun,domein,B2,source_candidate_not_curated
nt2-odwn:jager-n-1,jager,noun,iemand die jaagt,B2,source_candidate_not_curated
nt2-odwn:fort-n-1,fort,noun,versterkte vesting,B2,source_candidate_not_curated
nt2-odwn:script-n-1,script,noun,tekst voor een film of tv-programma,B2,source_candidate_not_curated
nt2-odwn:plas-n-1,plas,noun,restant regenwater,B2,source_candidate_not_curated
nt2-odwn:meekomen-v-1,meekomen,verb,niet tekort komen,B2,source_candidate_not_curated
nt2-odwn:criticus-n-2,criticus,noun,iemand met kritiek,B2,source_candidate_not_curated
nt2-odwn:passeren-v-1,passeren,verb,voorbijgaan,B2,source_candidate_not_curated
nt2-odwn:h-n-1,h,noun,letter v.h. alfabet,B2,source_candidate_not_curated
nt2-odwn:naald-n-4,naald,noun,blad v.e. naaldboom,B2,source_candidate_not_curated
nt2-odwn:verleiden-v-2,verleiden,verb,overhalen te doen,B2,source_candidate_not_curated
nt2-odwn:single-n-2,single,noun,enkelspel,B2,source_candidate_not_curated
nt2-odwn:aspect-n-1,aspect,noun,kant of invalshoek,B2,source_candidate_not_curated
nt2-odwn:divisie-n-1,divisie,noun,gevechtseenheid,B2,source_candidate_not_curated
nt2-odwn:divisie-n-3,divisie,noun,zelfstandig onderdeel van een grote onderneming,B2,source_candidate_not_curated
nt2-odwn:loslaten-v-4,loslaten,verb,fig.; prijsgeven,B2,source_candidate_not_curated
nt2-odwn:smeerlap-n-1,smeerlap,noun,"gemeen, ontuchtig of vies iemand",B2,source_candidate_not_curated
nt2-odwn:afhandelen-v-1,afhandelen,verb,behandelen en afmaken,B2,source_candidate_not_curated
nt2-odwn:voldoen-v-2,voldoen,verb,"beantwoorden aan, vervullen",B2,source_candidate_not_curated
nt2-odwn:vermelden-v-1,vermelden,verb,meedelen,B2,source_candidate_not_curated
nt2-odwn:wand-n-1,wand,noun,scheiding tussen twee ruimtes,B2,source_candidate_not_curated
nt2-odwn:tikken-v-1,tikken,verb,klapjes of tikjes geven,B2,source_candidate_not_curated
nt2-odwn:vooroordeel-n-1,vooroordeel,noun,ongegronde (negatieve) mening,B2,source_candidate_not_curated
nt2-odwn:standaardtaal-n-1,standaardtaal,noun,algemeen geldende taal,B2,source_candidate_not_curated
nt2-odwn:verlichting-n-2,verlichting,noun,verlichtingsapparatuur,B2,source_candidate_not_curated
nt2-odwn:afkomst-n-1,afkomst,noun,geografische of etnische oorsprong,B2,source_candidate_not_curated
nt2-odwn:omroep-n-2,omroep,noun,zendgemachtigde,B2,source_candidate_not_curated
nt2-odwn:waardering-n-1,waardering,noun,achting,B2,source_candidate_not_curated
nt2-odwn:bikini-n-1,bikini,noun,tweedelig badpak,B2,source_candidate_not_curated
nt2-odwn:testament-n-2,testament,noun,beschikking over vermogen na de dood,B2,source_candidate_not_curated
nt2-odwn:moslim-n-1,moslim,noun,aanhanger v.d. islam,B2,source_candidate_not_curated
nt2-odwn:stoten-v-2,stoten,verb,met schok verplaatsen,B2,source_candidate_not_curated
nt2-odwn:handboek-n-1,handboek,noun,overzichtsboek v.d. belangrijkste dingen,B2,source_candidate_not_curated
nt2-odwn:dieet-n-1,dieet,noun,voedingsvoorschrift,B2,source_candidate_not_curated
nt2-odwn:spot-n-3,spot,noun,gerichte lamp,B2,source_candidate_not_curated
nt2-odwn:omhelzen-v-1,omhelzen,verb,de armen slaan om,B2,source_candidate_not_curated
nt2-odwn:schrift-n-1,schrift,noun,boek om in te schrijven,B2,source_candidate_not_curated
nt2-odwn:profiteren-v-1,profiteren,verb,profijt hebben van,B2,source_candidate_not_curated
nt2-odwn:uitkomen-v-4,uitkomen,verb,oplossen,B2,source_candidate_not_curated
nt2-odwn:onderdeel-n-3,onderdeel,noun,van een apparaat/machine,B2,source_candidate_not_curated
nt2-odwn:demonstratie-n-1,demonstratie,noun,openbare actie als meningsuiting,B2,source_candidate_not_curated
nt2-odwn:mast-n-1,mast,noun,paal op een schip waaraan het zeil zit,B2,source_candidate_not_curated
nt2-odwn:context-n-2,context,noun,algemeen verband,B2,source_candidate_not_curated
nt2-odwn:troon-n-2,troon,noun,koningschap,B2,source_candidate_not_curated
nt2-odwn:toelaten-v-2,toelaten,verb,toegang geven,B2,source_candidate_not_curated
nt2-odwn:kalmte-n-1,kalmte,noun,gemoedstoestand van rust,B2,source_candidate_not_curated
nt2-odwn:vaststellen-v-3,vaststellen,verb,door waarneming vaststellen,B2,source_candidate_not_curated
nt2-odwn:psycholoog-n-1,psycholoog,noun,specialist in de psychologie,B2,source_candidate_not_curated
nt2-odwn:zangeres-n-1,zangeres,noun,vrouw die zingt,B2,source_candidate_not_curated
nt2-odwn:consumptiegoederen-n-1,consumptiegoederen,noun,verbruiksgoederen,B2,source_candidate_not_curated
nt2-odwn:hok-n-4,hok,noun,doel bij sommige balspelen,B2,source_candidate_not_curated
nt2-odwn:handelen-v-1,handelen,verb,mbt. de handel,B2,source_candidate_not_curated
nt2-odwn:adviseren-v-1,adviseren,verb,advies geven,B2,source_candidate_not_curated
nt2-odwn:greep-n-1,greep,noun,het grijpen,B2,source_candidate_not_curated
nt2-odwn:erkennen-v-1,erkennen,verb,"beschouwen als echt, wettig",B2,source_candidate_not_curated
nt2-odwn:regeling-n-2,regeling,noun,regelgeving,B2,source_candidate_not_curated
nt2-odwn:knikken-v-2,knikken,verb,het hoofd bewegen,B2,source_candidate_not_curated
nt2-odwn:begeleiden-v-3,begeleiden,verb,ondersteunen,B2,source_candidate_not_curated
nt2-odwn:stilstaan-v-1,stilstaan,verb,staan zonder bewegen,B2,source_candidate_not_curated
nt2-odwn:achterlaten-v-2,achterlaten,verb,nabestaanden achter doen blijven,B2,source_candidate_not_curated
nt2-odwn:uiting-n-2,uiting,noun,dat wat men uit,B2,source_candidate_not_curated
nt2-odwn:christen-n-1,christen,noun,gelovige,B2,source_candidate_not_curated
nt2-odwn:verbazing-n-1,verbazing,noun,verwondering,B2,source_candidate_not_curated
nt2-odwn:uitstap-n-1,uitstap,noun,dagje uit voor het plezier,B2,source_candidate_not_curated
nt2-odwn:admiraal-n-1,admiraal,noun,opperbevelhebber v.d. marine,B2,source_candidate_not_curated
nt2-odwn:hit-n-1,hit,noun,succesvolle single,B2,source_candidate_not_curated
nt2-odwn:literatuurgeschiedenis-n-1,literatuurgeschiedenis,noun,geschiedenis v.d. literatuur,B2,source_candidate_not_curated
nt2-odwn:plaat-n-2,plaat,noun,plat stuk hard materiaal,B2,source_candidate_not_curated
nt2-odwn:aanpakken-v-2,aanpakken,verb,kordaat gaan werken,B2,source_candidate_not_curated
nt2-odwn:rotzak-n-1,rotzak,noun,vervelende man,B2,source_candidate_not_curated
nt2-odwn:officier-n-1,officier,noun,bepaalde militaire rang,B2,source_candidate_not_curated
nt2-odwn:geliefde-n-1,geliefde,noun,geliefd persoon,B2,source_candidate_not_curated
nt2-odwn:vlam-n-2,vlam,noun,geliefde,B2,source_candidate_not_curated
nt2-odwn:faculteit-n-2,faculteit,noun,product v.e. reeks factoren,B2,source_candidate_not_curated
nt2-odwn:zakgeld-n-1,zakgeld,noun,kleine hoeveelheid geld voor kinderen,B2,source_candidate_not_curated
nt2-odwn:hok-n-3,hok,noun,kleine verblijfsruimte voor dieren,B2,source_candidate_not_curated
nt2-odwn:zweet-n-3,zweet,noun,bloed van wild,B2,source_candidate_not_curated
nt2-odwn:verdediging-n-2,verdediging,noun,verdedigende advocaat/advocaten in een rechtszaak,B2,source_candidate_not_curated
nt2-odwn:verdediging-n-3,verdediging,noun,betoog in een rechtszaak,B2,source_candidate_not_curated
nt2-odwn:geschenk-n-1,geschenk,noun,dat wat men schenkt/krijgt,B2,source_candidate_not_curated
nt2-odwn:opgeven-v-3,opgeven,verb,opdragen,B2,source_candidate_not_curated
nt2-odwn:steek-n-2,steek,noun,"korte, plaatselijke, hevige pijn",B2,source_candidate_not_curated
nt2-odwn:toename-n-1,toename,noun,vergroting,B2,source_candidate_not_curated
nt2-odwn:invloedrijk-a-1,invloedrijk,adjective,invloed hebbend,B2,source_candidate_not_curated
nt2-odwn:aantekening-n-2,aantekening,noun,notitie,B2,source_candidate_not_curated
nt2-odwn:mier-n-1,mier,noun,bepaald insect,B2,source_candidate_not_curated
nt2-odwn:verontschuldigen-v-1,verontschuldigen,verb,excuseren,B2,source_candidate_not_curated
nt2-odwn:samenwonen-v-1,samenwonen,verb,samenleven,B2,source_candidate_not_curated
nt2-odwn:optreden-v-3,optreden,verb,gebeuren,B2,source_candidate_not_curated
nt2-odwn:opereren-v-2,opereren,verb,mbt. een handeling,B2,source_candidate_not_curated
nt2-odwn:overblijven-v-2,overblijven,verb,er blijven zijn,B2,source_candidate_not_curated
nt2-odwn:schoonzoon-n-1,schoonzoon,noun,partner van je kind,B2,source_candidate_not_curated
nt2-odwn:postbode-n-1,postbode,noun,iemand die poststukken bezorgt,B2,source_candidate_not_curated
nt2-odwn:tegenstelling-n-1,tegenstelling,noun,verschil tussen tegenovergestelde zaken,B2,source_candidate_not_curated
nt2-odwn:nest-n-5,nest,noun,dierennest,B2,source_candidate_not_curated
nt2-odwn:richten-v-3,richten,verb,adresseren,B2,source_candidate_not_curated
nt2-odwn:hiërarchisch-a-1,hiërarchisch,adjective,volgens een hiërarchie,B2,source_candidate_not_curated
nt2-odwn:zenuw-n-1,zenuw,noun,verbindingsdraad met de hersenen,B2,source_candidate_not_curated
nt2-odwn:criminaliteit-n-1,criminaliteit,noun,gepleegde misdaden,B2,source_candidate_not_curated
nt2-odwn:vergezellen-v-1,vergezellen,verb,escorteren,B2,source_candidate_not_curated
nt2-odwn:concept-n-2,concept,noun,begrip,B2,source_candidate_not_curated
nt2-odwn:boel-n-2,boel,noun,toestand,B2,source_candidate_not_curated
nt2-odwn:voorziening-n-1,voorziening,noun,"regeling, zorg voor iets",B2,source_candidate_not_curated
nt2-odwn:scheuren-v-1,scheuren,verb,een scheur krijgen,B2,source_candidate_not_curated
nt2-odwn:patroon-n-1,patroon,noun,versiering van herhaalde figuren,B2,source_candidate_not_curated
nt2-odwn:paus-n-2,paus,noun,leider v.e. groep mensen,B2,source_candidate_not_curated
nt2-odwn:binnenplaats-n-1,binnenplaats,noun,door muren omsloten plek,B2,source_candidate_not_curated
nt2-odwn:match-n-1,match,noun,sportwedstrijd,B2,source_candidate_not_curated
nt2-odwn:scheuren-v-5,scheuren,verb,met een ruk losmaken,B2,source_candidate_not_curated
nt2-odwn:reeks-n-1,reeks,noun,rij opeenvolgende zaken,B2,source_candidate_not_curated
nt2-odwn:jagen-v-4,jagen,verb,najagen,B2,source_candidate_not_curated
nt2-odwn:trouwdag-n-1,trouwdag,noun,dag waarop je getrouwd bent,B2,source_candidate_not_curated
nt2-odwn:beven-v-2,beven,verb,bang zijn voor,B2,source_candidate_not_curated
nt2-odwn:gezag-n-2,gezag,noun,overheid,B2,source_candidate_not_curated
nt2-odwn:hoogleraar-n-1,hoogleraar,noun,professor,B2,source_candidate_not_curated
nt2-odwn:inlichten-v-1,inlichten,verb,op de hoogte brengen,B2,source_candidate_not_curated
nt2-odwn:breuk-n-2,breuk,noun,getal,B2,source_candidate_not_curated
nt2-odwn:opbouwen-v-2,opbouwen,verb,toenemen of groter worden,B2,source_candidate_not_curated
nt2-odwn:uitmaken-v-4,uitmaken,verb,afbreken,B2,source_candidate_not_curated
nt2-odwn:werkster-n-1,werkster,noun,schoonmaakster,B2,source_candidate_not_curated
nt2-odwn:zij-n-1,zij,noun,zijde van lichaam,B2,source_candidate_not_curated
nt2-odwn:inzien-v-3,inzien,verb,inkijken,B2,source_candidate_not_curated
nt2-odwn:bocht-n-1,bocht,noun,buiging in weg,B2,source_candidate_not_curated
nt2-odwn:specialist-n-2,specialist,noun,gespecialiseerde arts,B2,source_candidate_not_curated
nt2-odwn:sukkel-n-2,sukkel,noun,het sukkelen,B2,source_candidate_not_curated
nt2-odwn:personenauto-n-1,personenauto,noun,wagen voor personenvervoer,B2,source_candidate_not_curated
nt2-odwn:luiden-v-2,luiden,verb,(van woorden) inhoud hebben,B2,source_candidate_not_curated
nt2-odwn:element-n-2,element,noun,"enkelvoudige, ondeelbare grondstof",B2,source_candidate_not_curated
nt2-odwn:compagnie-n-1,compagnie,noun,afdeling binnen het leger,B2,source_candidate_not_curated
nt2-odwn:voeden-v-1,voeden,verb,voedsel geven,B2,source_candidate_not_curated
nt2-odwn:voeden-v-3,voeden,verb,een machine toedienen,B2,source_candidate_not_curated
nt2-odwn:onderscheiden-v-3,onderscheiden,verb,opvallen,B2,source_candidate_not_curated
nt2-odwn:act-n-1,act,noun,shownummer,B2,source_candidate_not_curated
nt2-odwn:vereren-v-1,vereren,verb,adoreren,B2,source_candidate_not_curated
nt2-odwn:ontslaan-v-3,ontslaan,verb,mbt. een plicht of last,B2,source_candidate_not_curated
nt2-odwn:kuil-n-1,kuil,noun,uitholling in de grond,B2,source_candidate_not_curated
nt2-odwn:bedroeven-v-1,bedroeven,verb,verdriet doen,B2,source_candidate_not_curated
nt2-odwn:training-n-1,training,noun,oefening,B2,source_candidate_not_curated
nt2-odwn:likken-v-1,likken,verb,met de tong aanraken,B2,source_candidate_not_curated
nt2-odwn:verdedigen-v-1,verdedigen,verb,beschermen,B2,source_candidate_not_curated
nt2-odwn:overgrootvader-n-1,overgrootvader,noun,vader v.e. grootouder,B2,source_candidate_not_curated
nt2-odwn:fascistisch-a-1,fascistisch,adjective,mbt. het fascisme,B2,source_candidate_not_curated
nt2-odwn:pc-n-1,pc,noun,personal computer,B2,source_candidate_not_curated
nt2-odwn:hap-n-4,hap,noun,kleine schotel,B2,source_candidate_not_curated
nt2-odwn:dashboard-n-1,dashboard,noun,paneel met meters en knoppen,B2,source_candidate_not_curated
nt2-odwn:s-n-1,s,noun,letter v.h. alfabet,B2,source_candidate_not_curated
nt2-odwn:cliché-n-1,cliché,noun,afgezaagde uitdrukking,B2,source_candidate_not_curated
nt2-odwn:strip-n-1,strip,noun,verhaal in plaatjes,B2,source_candidate_not_curated
nt2-odwn:begeleiding-n-1,begeleiding,noun,ondersteuning,B2,source_candidate_not_curated
nt2-odwn:piek-n-2,piek,noun,hoogtepunt v.e. beweging,B2,source_candidate_not_curated
nt2-odwn:opium-n-1,opium,noun,bepaalde verdovend middel,B2,source_candidate_not_curated
nt2-odwn:circus-n-1,circus,noun,groep rondtrekkende artiesten,B2,source_candidate_not_curated
nt2-odwn:boeten-v-2,boeten,verb,een visnet mazen,B2,source_candidate_not_curated
nt2-odwn:rukken-v-2,rukken,verb,met een ruk verplaatsen,B2,source_candidate_not_curated
nt2-odwn:record-n-1,record,noun,de beste prestatie,B2,source_candidate_not_curated
nt2-odwn:genot-n-1,genot,noun,het genieten,B2,source_candidate_not_curated
nt2-odwn:werkwoord-n-1,werkwoord,noun,woordsoort voor handeling/staat/proces,B2,source_candidate_not_curated
nt2-odwn:regeren-v-1,regeren,verb,besturen,B2,source_candidate_not_curated
nt2-odwn:subsidie-n-1,subsidie,noun,steungeld v.d. overheid,B2,source_candidate_not_curated
nt2-odwn:gretig-a-1,gretig,adjective,begerig,B2,source_candidate_not_curated
nt2-odwn:voorschot-n-1,voorschot,noun,geld dat voorgeschoten wordt,B2,source_candidate_not_curated
nt2-odwn:beïnvloeden-v-1,beïnvloeden,verb,invloed uitoefenen,B2,source_candidate_not_curated
nt2-odwn:kinderopvang-n-1,kinderopvang,noun,opvangplaats voor kinderen,B2,source_candidate_not_curated
nt2-odwn:dalen-v-3,dalen,verb,afnemend geluid,B2,source_candidate_not_curated
nt2-odwn:inkomen-v-1,inkomen,verb,binnenkomen,B2,source_candidate_not_curated
nt2-odwn:gelegenheid-n-3,gelegenheid,noun,plaats waar men wat kan doen,B2,source_candidate_not_curated
nt2-odwn:dichter-n-1,dichter,noun,schrijver van gedichten,B2,source_candidate_not_curated
nt2-odwn:zegen-n-3,zegen,noun,voorspoed of heil,B2,source_candidate_not_curated
nt2-odwn:roeping-n-1,roeping,noun,datgene waartoe men zich geroepen voelt,B2,source_candidate_not_curated
nt2-odwn:biologie-n-1,biologie,noun,studie van levende wezens,B2,source_candidate_not_curated
nt2-odwn:broekzak-n-1,broekzak,noun,zak in een broek,B2,source_candidate_not_curated
nt2-odwn:huisarrest-n-1,huisarrest,noun,verbod om je huis te verlaten,B2,source_candidate_not_curated
nt2-odwn:logo-n-1,logo,noun,beeldmerk,B2,source_candidate_not_curated
nt2-odwn:psychologie-n-1,psychologie,noun,wetenschap v.d. psyche,B2,source_candidate_not_curated
nt2-odwn:winkelier-n-1,winkelier,noun,eigenaar/bedrijfsleider v.d. winkel,B2,source_candidate_not_curated
nt2-odwn:goudstuk-n-1,goudstuk,noun,muntstuk van goud,B2,source_candidate_not_curated
nt2-odwn:uitgesproken-a-1,uitgesproken,adjective,bepaald,B2,source_candidate_not_curated
nt2-odwn:genre-n-1,genre,noun,soort,B2,source_candidate_not_curated
nt2-odwn:firma-n-1,firma,noun,type handelsonderneming,B2,source_candidate_not_curated
nt2-odwn:onderscheiden-v-4,onderscheiden,verb,discrimineren,B2,source_candidate_not_curated
nt2-odwn:besmetten-v-1,besmetten,verb,infecteren,B2,source_candidate_not_curated
nt2-odwn:bijstand-n-1,bijstand,noun,uitkering,B2,source_candidate_not_curated
nt2-odwn:verbetering-n-1,verbetering,noun,vooruitgang,B2,source_candidate_not_curated
nt2-odwn:achtervolgen-v-2,achtervolgen,verb,steeds lastigvallen,B2,source_candidate_not_curated
nt2-odwn:moskee-n-1,moskee,noun,kerk v.d. mohammedanen,B2,source_candidate_not_curated
nt2-odwn:voetballer-n-1,voetballer,noun,iemand die (beroepsmatig) voetbalt,B2,source_candidate_not_curated
nt2-odwn:voeding-n-1,voeding,noun,eetbare en drinkbare waren,B2,source_candidate_not_curated
nt2-odwn:officier-n-2,officier,noun,rechterlijk ambtenaar,B2,source_candidate_not_curated
nt2-odwn:trillen-v-1,trillen,verb,zich snel heen en weer bewegen,B2,source_candidate_not_curated
nt2-odwn:chocoladeletter-n-1,chocoladeletter,noun,chocola in de vorm v.e. letter,B2,source_candidate_not_curated
nt2-odwn:zieke-n-1,zieke,noun,iemand die ziek is,B2,source_candidate_not_curated
nt2-odwn:kalmeren-v-2,kalmeren,verb,bedaren,B2,source_candidate_not_curated
nt2-odwn:kleuter-n-1,kleuter,noun,kind van vier tot zes jaar,B2,source_candidate_not_curated
nt2-odwn:serie-n-3,serie,noun,opeenvolgende reeks televisieprogramma's met een centraal thema of met een of meer hoofdpersonen die in verschillende situaties optreden,B2,source_candidate_not_curated
nt2-odwn:arrestatiebevel-n-1,arrestatiebevel,noun,bevel tot arrestatie,B2,source_candidate_not_curated
nt2-odwn:geneesmiddel-n-1,geneesmiddel,noun,middel bedoeld om iets te genezen,B2,source_candidate_not_curated
nt2-odwn:blijdschap-n-1,blijdschap,noun,vreugde,B2,source_candidate_not_curated
nt2-odwn:sufferd-n-1,sufferd,noun,dom iemand,B2,source_candidate_not_curated
nt2-odwn:single-n-1,single,noun,"kleine, korte grammofoonplaat",B2,source_candidate_not_curated
nt2-odwn:mededeling-n-1,mededeling,noun,bericht,B2,source_candidate_not_curated
nt2-odwn:dierentuin-n-1,dierentuin,noun,te bezichtigen verzameling van dieren,B2,source_candidate_not_curated
nt2-odwn:bederven-v-1,bederven,verb,rotten,B2,source_candidate_not_curated
nt2-odwn:ambassadeur-n-1,ambassadeur,noun,hoogste diplomaat,B2,source_candidate_not_curated
nt2-odwn:plagen-v-1,plagen,verb,schertsend pesten,B2,source_candidate_not_curated
nt2-odwn:herkenbaar-a-1,herkenbaar,adjective,te herkennen,B2,source_candidate_not_curated
nt2-odwn:vat-n-1,vat,noun,bak voor opslag,B2,source_candidate_not_curated
nt2-odwn:altaar-n-1,altaar,noun,tafel in kerk,B2,source_candidate_not_curated
nt2-odwn:stop-n-1,stop,noun,voorwerp om een opening af te sluiten,B2,source_candidate_not_curated
nt2-odwn:compagnie-n-2,compagnie,noun,handelsvennootschap,B2,source_candidate_not_curated
nt2-odwn:doorbraak-n-2,doorbraak,noun,het plotseling plaatsvinden,B2,source_candidate_not_curated
nt2-odwn:aanslag-n-7,aanslag,noun,het naar het doel gericht zijn,B2,source_candidate_not_curated
nt2-odwn:concentreren-v-1,concentreren,verb,zijn aandacht richten,B2,source_candidate_not_curated
nt2-odwn:hoorn-n-1,hoorn,noun,uitsteeksel op sommige dierenkoppen,B2,source_candidate_not_curated
nt2-odwn:balzaal-n-1,balzaal,noun,danszaal,B2,source_candidate_not_curated
nt2-odwn:infectie-n-1,infectie,noun,besmetting door ziektekiemen,B2,source_candidate_not_curated
nt2-odwn:mol-n-1,mol,noun,zwart diertje dat onder de grond leeft,B2,source_candidate_not_curated
nt2-odwn:vleugel-n-3,vleugel,noun,"deel v.e. gebouw, partij, opstelling",B2,source_candidate_not_curated
nt2-odwn:wieg-n-1,wieg,noun,bedje voor een baby,B2,source_candidate_not_curated
nt2-odwn:aankijken-v-1,aankijken,verb,naar iemand kijken,B2,source_candidate_not_curated
nt2-odwn:deelname-n-1,deelname,noun,het deelnemen,B2,source_candidate_not_curated
nt2-odwn:ton-n-1,ton,noun,cilindervormig vat,B2,source_candidate_not_curated
nt2-odwn:kennismaking-n-1,kennismaking,noun,bekend worden met,B2,source_candidate_not_curated
nt2-odwn:fataal-a-1,fataal,adjective,noodlottig,B2,source_candidate_not_curated
nt2-odwn:brandweerman-n-1,brandweerman,noun,lid van brandweer,B2,source_candidate_not_curated
nt2-odwn:zeuren-v-1,zeuren,verb,telkens weer over iets praten,B2,source_candidate_not_curated
nt2-odwn:wijze-n-2,wijze,noun,wijs iemand,B2,source_candidate_not_curated
nt2-odwn:ademhaling-n-1,ademhaling,noun,het ademen,B2,source_candidate_not_curated
nt2-odwn:zomermaand-n-1,zomermaand,noun,benaming voor juni,B2,source_candidate_not_curated
nt2-odwn:oever-n-1,oever,noun,land langs water,B2,source_candidate_not_curated
nt2-odwn:confronteren-v-1,confronteren,verb,plaatsen tegenover,B2,source_candidate_not_curated
nt2-odwn:noodzaak-n-1,noodzaak,noun,zeer dringend iets,B2,source_candidate_not_curated
nt2-odwn:aardbeving-n-1,aardbeving,noun,verplaatsing v.d. aardkorst,B2,source_candidate_not_curated
nt2-odwn:symbool-n-2,symbool,noun,teken of letter v.e. schrift,B2,source_candidate_not_curated
nt2-odwn:gokker-n-1,gokker,noun,iemand die gokt,B2,source_candidate_not_curated
nt2-odwn:scheiding-n-3,scheiding,noun,lijn in het haar,B2,source_candidate_not_curated
nt2-odwn:opbrengen-v-1,opbrengen,verb,geld opleveren,B2,source_candidate_not_curated
nt2-odwn:scenario-n-2,scenario,noun,loop van gebeurtenissen zoals gepland,B2,source_candidate_not_curated
nt2-odwn:vleugel-n-4,vleugel,noun,onderdeel v.e. vliegtuig,B2,source_candidate_not_curated
nt2-odwn:steek-n-4,steek,noun,bepaald hoofddeksel,B2,source_candidate_not_curated
nt2-odwn:uitzending-n-2,uitzending,noun,handeling v.h. uitzenden,B2,source_candidate_not_curated
nt2-odwn:genade-n-2,genade,noun,hulp van God,B2,source_candidate_not_curated
nt2-odwn:ontspannen-v-2,ontspannen,verb,rustig doen worden,B2,source_candidate_not_curated
nt2-odwn:geslacht-n-1,geslacht,noun,mensen met gemeenschappelijke afkomst,B2,source_candidate_not_curated
nt2-odwn:aanklagen-v-1,aanklagen,verb,formeel beschuldigen,B2,source_candidate_not_curated
nt2-odwn:verdwijning-n-2,verdwijning,noun,politieke moord,B2,source_candidate_not_curated
nt2-odwn:instrument-n-1,instrument,noun,fijn gereedschap,B2,source_candidate_not_curated
nt2-odwn:gordel-n-1,gordel,noun,band om iemands middel,B2,source_candidate_not_curated
nt2-odwn:gordel-n-2,gordel,noun,veiligheidsriem,B2,source_candidate_not_curated
nt2-odwn:jacht-n-2,jacht,noun,luxe plezierboot,B2,source_candidate_not_curated
nt2-odwn:kennismaken-v-1,kennismaken,verb,leren kennen,B2,source_candidate_not_curated
nt2-odwn:bestuurder-n-1,bestuurder,noun,iemand die bestuurt,B2,source_candidate_not_curated
nt2-odwn:dagdeel-n-1,dagdeel,noun,eenheid van vier werkuren,B2,source_candidate_not_curated
nt2-odwn:tegenslag-n-1,tegenslag,noun,tegenvallende gebeurtenis(sen),B2,source_candidate_not_curated
nt2-odwn:opinie-n-1,opinie,noun,mening,B2,source_candidate_not_curated
nt2-odwn:gave-n-2,gave,noun,talent,B2,source_candidate_not_curated
nt2-odwn:therapie-n-2,therapie,noun,behandeling voor geestelijke problemen,B2,source_candidate_not_curated
nt2-odwn:begeleider-n-3,begeleider,noun,muziek,B2,source_candidate_not_curated
nt2-odwn:planning-n-1,planning,noun,schema voor werk of gebeurtenissen,B2,source_candidate_not_curated
nt2-odwn:aankunnen-v-1,aankunnen,verb,opgewassen zijn tegen,B2,source_candidate_not_curated
nt2-odwn:komisch-a-1,komisch,adjective,grappig,B2,source_candidate_not_curated
nt2-odwn:knielen-v-1,knielen,verb,op de knieën gaan,B2,source_candidate_not_curated
nt2-odwn:goedkeuren-v-2,goedkeuren,verb,na keuring in orde bevinden,B2,source_candidate_not_curated
nt2-odwn:tiental-n-2,tiental,noun,getal dat een veelvoud van tien is,B2,source_candidate_not_curated
nt2-odwn:analyse-n-1,analyse,noun,onderzoek naar de aard van iets,B2,source_candidate_not_curated
nt2-odwn:taalunie-n-1,taalunie,noun,vereniging voor behoud van een taal,B2,source_candidate_not_curated
nt2-odwn:verblijven-v-1,verblijven,verb,toeven,B2,source_candidate_not_curated
nt2-odwn:brochure-n-1,brochure,noun,folder,B2,source_candidate_not_curated
nt2-odwn:academie-n-2,academie,noun,hogeschool of universiteit,B2,source_candidate_not_curated
nt2-odwn:meesterwerk-n-1,meesterwerk,noun,zeer bijzonder kunstwerk,B2,source_candidate_not_curated
nt2-odwn:figuur-n-2,figuur,noun,afbeelding van iets of iemand,B2,source_candidate_not_curated
nt2-odwn:benoemen-v-2,benoemen,verb,een naam geven,B2,source_candidate_not_curated
nt2-odwn:stralen-v-1,stralen,verb,licht of warmte geven,B2,source_candidate_not_curated
nt2-odwn:dode-n-1,dode,noun,overledene,B2,source_candidate_not_curated
nt2-odwn:aanhanger-n-1,aanhanger,noun,fan,B2,source_candidate_not_curated
nt2-odwn:introductie-n-1,introductie,noun,invoering v.e. nieuw product,B2,source_candidate_not_curated
nt2-odwn:inbreken-v-1,inbreken,verb,een inbraak plegen,B2,source_candidate_not_curated
nt2-odwn:voorjaar-n-1,voorjaar,noun,seizoen waarin alles gaat bloeien,B2,source_candidate_not_curated
nt2-odwn:edelman-n-1,edelman,noun,man van adel,B2,source_candidate_not_curated
nt2-odwn:pakhuis-n-1,pakhuis,noun,bergplaats voor handelsgoederen,B2,source_candidate_not_curated
nt2-odwn:piercing-n-1,piercing,noun,het doorboren van lichaamsdelen,B2,source_candidate_not_curated
nt2-odwn:omkleden-v-1,omkleden,verb,inkleden,B2,source_candidate_not_curated
nt2-odwn:componist-n-1,componist,noun,schrijver van muziekstukken,B2,source_candidate_not_curated
nt2-odwn:slee-n-2,slee,noun,"grote, luxe auto",B2,source_candidate_not_curated
nt2-odwn:gordel-n-3,gordel,noun,gordelvormige kring van voorwerpen,B2,source_candidate_not_curated
nt2-odwn:semester-n-1,semester,noun,half (studie)jaar,B2,source_candidate_not_curated
nt2-odwn:verklaring-n-3,verklaring,noun,getuigenis,B2,source_candidate_not_curated
nt2-odwn:inzetten-v-2,inzetten,verb,starten,B2,source_candidate_not_curated
nt2-odwn:draak-n-2,draak,noun,vervelend of lelijk persoon,B2,source_candidate_not_curated
nt2-odwn:draak-n-4,draak,noun,Chinees sterrenbeeld,B2,source_candidate_not_curated
nt2-odwn:wezen-n-4,wezen,noun,aard,B2,source_candidate_not_curated
nt2-odwn:ademen-v-2,ademen,verb,lucht doorlaten,B2,source_candidate_not_curated
nt2-odwn:status-n-1,status,noun,rang in de maatschappij,B2,source_candidate_not_curated
nt2-odwn:schotel-n-1,schotel,noun,schaaltje,B2,source_candidate_not_curated
nt2-odwn:heilige-n-1,heilige,noun,iemand die heilig is verklaard,B2,source_candidate_not_curated
nt2-odwn:stip-n-1,stip,noun,klein rondje,B2,source_candidate_not_curated
nt2-odwn:ton-n-2,ton,noun,honderdduizend euro,B2,source_candidate_not_curated
nt2-odwn:haast-n-1,haast,noun,drang om iets snel te doen,B2,source_candidate_not_curated
nt2-odwn:donder-n-1,donder,noun,dreunend geluid v.d. bliksem,B2,source_candidate_not_curated
nt2-odwn:verdommen-v-1,verdommen,verb,ronduit weigeren,B2,source_candidate_not_curated
nt2-odwn:vrijlating-n-1,vrijlating,noun,het vrijlaten uit gevangenschap,B2,source_candidate_not_curated
nt2-odwn:voltooien-v-1,voltooien,verb,afmaken,B2,source_candidate_not_curated
nt2-odwn:voetballen-v-1,voetballen,verb,voetbal spelen,B2,source_candidate_not_curated
nt2-odwn:imitatie-n-1,imitatie,noun,nabootsing,B2,source_candidate_not_curated
nt2-odwn:verlichten-v-1,verlichten,verb,licht geven,B2,source_candidate_not_curated
nt2-odwn:schoot-n-2,schoot,noun,baarmoeder,B2,source_candidate_not_curated
nt2-odwn:trend-n-1,trend,noun,richting v.e. ontwikkeling,B2,source_candidate_not_curated
nt2-odwn:onderdrukking-n-1,onderdrukking,noun,leiderschap v.e. onderdrukker,B2,source_candidate_not_curated
nt2-odwn:coach-n-1,coach,noun,trainer v.e. team,B2,source_candidate_not_curated
nt2-odwn:echtpaar-n-1,echtpaar,noun,getrouwd paar,B2,source_candidate_not_curated
nt2-odwn:stokslag-n-1,stokslag,noun,slag met een stok,B2,source_candidate_not_curated
nt2-odwn:jungle-n-1,jungle,noun,tropisch woud,B2,source_candidate_not_curated
nt2-odwn:geslacht-n-5,geslacht,noun,voortplantingsorgaan,B2,source_candidate_not_curated
nt2-odwn:zigeuner-n-1,zigeuner,noun,lid v.e. rondtrekkend volk,B2,source_candidate_not_curated
nt2-odwn:belonen-v-1,belonen,verb,een beloning geven,B2,source_candidate_not_curated
nt2-odwn:fascineren-v-1,fascineren,verb,boeien,B2,source_candidate_not_curated
nt2-odwn:kabinet-n-1,kabinet,noun,kast,B2,source_candidate_not_curated
nt2-odwn:opkomen-v-3,opkomen,verb,populair worden,B2,source_candidate_not_curated
nt2-odwn:bezigheid-n-1,bezigheid,noun,activiteit,B2,source_candidate_not_curated
nt2-odwn:tarief-n-1,tarief,noun,prijs voor een dienst,B2,source_candidate_not_curated
nt2-odwn:workshop-n-1,workshop,noun,(creatieve) bijeenkomst,B2,source_candidate_not_curated
nt2-odwn:harpoen-n-1,harpoen,noun,pijl met weerhaken,B2,source_candidate_not_curated
nt2-odwn:verwijderen-v-3,verwijderen,verb,weggaan,B2,source_candidate_not_curated
nt2-odwn:conducteur-n-1,conducteur,noun,kaartjesknipper op trein of tram,B2,source_candidate_not_curated
nt2-odwn:welzijn-n-1,welzijn,noun,persoonlijk geluk en gezondheid,B2,source_candidate_not_curated
nt2-odwn:tabak-n-2,tabak,noun,bepaalde plant,B2,source_candidate_not_curated
nt2-odwn:groei-n-3,groei,noun,(persoonlijke) ontwikkeling,B2,source_candidate_not_curated
nt2-odwn:afleiding-n-1,afleiding,noun,iets dat de aandacht onderbreekt,B2,source_candidate_not_curated
nt2-odwn:barsten-v-1,barsten,verb,barsten krijgen,B2,source_candidate_not_curated
nt2-odwn:levensstijl-n-1,levensstijl,noun,manier van leven,B2,source_candidate_not_curated
nt2-odwn:regeling-n-1,regeling,noun,het zorgen voor iets; het regelen van iets,B2,source_candidate_not_curated
nt2-odwn:knik-n-1,knik,noun,scherpe buiging door breuk,B2,source_candidate_not_curated
nt2-odwn:misleiden-v-1,misleiden,verb,bedriegen,B2,source_candidate_not_curated
nt2-odwn:redactie-n-1,redactie,noun,alle redacteuren gezamenlijk,B2,source_candidate_not_curated
nt2-odwn:meningsuiting-n-1,meningsuiting,noun,uiting van je persoonlijke visie,B2,source_candidate_not_curated
nt2-odwn:verzamelaar-n-1,verzamelaar,noun,iemand die verzamelt,B2,source_candidate_not_curated
nt2-odwn:bijnaam-n-1,bijnaam,noun,extra naam,B2,source_candidate_not_curated
nt2-odwn:nieuwsgierigheid-n-1,nieuwsgierigheid,noun,het nieuwsgierig zijn,B2,source_candidate_not_curated
nt2-odwn:verwerken-v-1,verwerken,verb,gebruiken in,B2,source_candidate_not_curated
nt2-odwn:stage-n-1,stage,noun,praktische leerperiode in een opleiding,B2,source_candidate_not_curated
nt2-odwn:charme-n-1,charme,noun,aantrekkelijkheid,B2,source_candidate_not_curated
nt2-odwn:grafkelder-n-1,grafkelder,noun,onderaards graf,B2,source_candidate_not_curated
nt2-odwn:kap-n-1,kap,noun,hoofddeksel,B2,source_candidate_not_curated
nt2-odwn:stemmen-v-3,stemmen,verb,mbt. iemands stemming,B2,source_candidate_not_curated
nt2-odwn:weglopen-v-3,weglopen,verb,wegstromen,B2,source_candidate_not_curated
nt2-odwn:overtuiging-n-2,overtuiging,noun,geloof,B2,source_candidate_not_curated
nt2-odwn:musical-n-1,musical,noun,toneel of film met zang (en dans),B2,source_candidate_not_curated
nt2-odwn:hogeschool-n-1,hogeschool,noun,school voor hoger onderwijs,B2,source_candidate_not_curated
nt2-odwn:steun-n-3,steun,noun,uitkering,B2,source_candidate_not_curated
nt2-odwn:feestelijk-a-1,feestelijk,adjective,mbt. een feest,B2,source_candidate_not_curated
nt2-odwn:vezel-n-1,vezel,noun,lange dunne draad,B2,source_candidate_not_curated
nt2-odwn:verkennen-v-1,verkennen,verb,poolshoogte gaan nemen,B2,source_candidate_not_curated
nt2-odwn:consument-n-1,consument,noun,particuliere verbruiker,B2,source_candidate_not_curated
nt2-odwn:vervolgen-v-1,vervolgen,verb,doorgaan met,B2,source_candidate_not_curated
nt2-odwn:schakelen-v-1,schakelen,verb,versnelling bedienen,B2,source_candidate_not_curated
nt2-odwn:illegaal-n-1,illegaal,noun,iemand zonder verblijfsvergunning,B2,source_candidate_not_curated
nt2-odwn:evolutie-n-1,evolutie,noun,langzame ontwikkeling,B2,source_candidate_not_curated
nt2-odwn:schitteren-v-1,schitteren,verb,bewegend fel licht geven,B2,source_candidate_not_curated
nt2-odwn:vergaan-v-3,vergaan,verb,vernietigd worden,B2,source_candidate_not_curated
nt2-odwn:godin-n-1,godin,noun,vrouwelijke god,B2,source_candidate_not_curated
nt2-odwn:pand-n-1,pand,noun,gebouw m.n. als woning of kantoor,B2,source_candidate_not_curated
nt2-odwn:doelpunt-n-1,doelpunt,noun,punt bij balspelen,B2,source_candidate_not_curated
nt2-odwn:balans-n-3,balans,noun,overzicht,B2,source_candidate_not_curated
nt2-odwn:wegsturen-v-1,wegsturen,verb,wegzenden,B2,source_candidate_not_curated
nt2-odwn:held-n-2,held,noun,hoofdpersoon v.e. verhaal,B2,source_candidate_not_curated
nt2-odwn:huiskamer-n-1,huiskamer,noun,woonkamer,B2,source_candidate_not_curated
nt2-odwn:inschrijving-n-1,inschrijving,noun,aanmelding voor deelname,B2,source_candidate_not_curated
nt2-odwn:vrijlaten-v-2,vrijlaten,verb,keuzevrijheid geven,B2,source_candidate_not_curated
nt2-odwn:prostitutie-n-1,prostitutie,noun,wereld van betaalde seks,B2,source_candidate_not_curated
nt2-odwn:stemming-n-3,stemming,noun,het stemmen,B2,source_candidate_not_curated
nt2-odwn:ingaan-v-3,ingaan,verb,aanvangen,B2,source_candidate_not_curated
nt2-odwn:trappen-v-1,trappen,verb,je voeten plaatsen,B2,source_candidate_not_curated
nt2-odwn:trappen-v-4,trappen,verb,fietsen,B2,source_candidate_not_curated
nt2-odwn:staken-v-1,staken,verb,uit protest niet werken,B2,source_candidate_not_curated
nt2-odwn:wagen-v-1,wagen,verb,riskeren,B2,source_candidate_not_curated
nt2-odwn:protesteren-v-1,protesteren,verb,je verzetten tegen,B2,source_candidate_not_curated
nt2-odwn:domein-n-2,domein,noun,abstract gebied,B2,source_candidate_not_curated
nt2-odwn:voorrecht-n-1,voorrecht,noun,recht dat een ander niet heeft,B2,source_candidate_not_curated
nt2-odwn:frequentie-n-2,frequentie,noun,aantal keren dat iets zich voordoet,B2,source_candidate_not_curated
nt2-odwn:jeep-n-1,jeep,noun,soort auto voor ruw terrein,B2,source_candidate_not_curated
nt2-odwn:onderdrukken-v-1,onderdrukken,verb,van mensen,B2,source_candidate_not_curated
nt2-odwn:vatten-v-3,vatten,verb,opdoen,B2,source_candidate_not_curated
nt2-odwn:cake-n-1,cake,noun,"luchtig, zacht baksel",B2,source_candidate_not_curated
nt2-odwn:knuffelen-v-1,knuffelen,verb,liefkozen,B2,source_candidate_not_curated
nt2-odwn:cowboy-n-1,cowboy,noun,Amerikaanse veedrijver,B2,source_candidate_not_curated
nt2-odwn:vissen-v-1,vissen,verb,vis trachten te vangen,B2,source_candidate_not_curated
nt2-odwn:rebel-n-1,rebel,noun,weerspannig iemand,B2,source_candidate_not_curated
nt2-odwn:staart-n-5,staart,noun,deel v.e. komeet,B2,source_candidate_not_curated
nt2-odwn:voortzetten-v-1,voortzetten,verb,voortgaan met,B2,source_candidate_not_curated
nt2-odwn:verkrijgen-v-2,verkrijgen,verb,(met inspanning) verwerven,B2,source_candidate_not_curated
nt2-odwn:scheur-n-1,scheur,noun,"barst, spleet",B2,source_candidate_not_curated
nt2-odwn:straling-n-1,straling,noun,het uitzenden van stralen,B2,source_candidate_not_curated
nt2-odwn:gelijktijdig-a-1,gelijktijdig,adjective,op hetzelfde moment,B2,source_candidate_not_curated
nt2-odwn:vernietigen-v-1,vernietigen,verb,geheel vernielen,B2,source_candidate_not_curated
nt2-odwn:uitdaging-n-1,uitdaging,noun,het uitdagen,B2,source_candidate_not_curated
nt2-odwn:erven-v-1,erven,verb,krijgen door erfenis,B2,source_candidate_not_curated
nt2-odwn:handeling-n-1,handeling,noun,daad,B2,source_candidate_not_curated
nt2-odwn:voer-n-1,voer,noun,eten,B2,source_candidate_not_curated
nt2-odwn:fornuis-n-1,fornuis,noun,kooktoestel,B2,source_candidate_not_curated
nt2-odwn:gans-n-1,gans,noun,eendachtige watervogel,B2,source_candidate_not_curated
nt2-odwn:afleiden-v-2,afleiden,verb,de aandacht wegleiden,B2,source_candidate_not_curated
nt2-odwn:afslag-n-1,afslag,noun,weg om v.d. snelweg te gaan,B2,source_candidate_not_curated
nt2-odwn:experimenteren-v-1,experimenteren,verb,proeven nemen,B2,source_candidate_not_curated
nt2-odwn:grootte-n-1,grootte,noun,omvang van iets,B2,source_candidate_not_curated
nt2-odwn:overdrijven-v-2,overdrijven,verb,te ver gaan,B2,source_candidate_not_curated
nt2-odwn:bijkomen-v-2,bijkomen,verb,uitrusten,B2,source_candidate_not_curated
nt2-odwn:bron-n-2,bron,noun,oorsprong,B2,source_candidate_not_curated
nt2-odwn:laken-n-2,laken,noun,geweven wollen stof,B2,source_candidate_not_curated
nt2-odwn:bescheidenheid-n-1,bescheidenheid,noun,bescheiden zijn,B2,source_candidate_not_curated
nt2-odwn:wetboek-n-1,wetboek,noun,verzameling bijeenhorende wetten,B2,source_candidate_not_curated
nt2-odwn:oproepen-v-1,oproepen,verb,verzoeken te komen of te doen,B2,source_candidate_not_curated
nt2-odwn:minachting-n-1,minachting,noun,gebrek aan achting,B2,source_candidate_not_curated
nt2-odwn:cel-n-3,cel,noun,bestanddeel v.e. organisme,B2,source_candidate_not_curated
nt2-odwn:unie-n-2,unie,noun,nauw verbond van staten,B2,source_candidate_not_curated
nt2-odwn:schaatsen-v-1,schaatsen,verb,op schaatsen rijden,B2,source_candidate_not_curated
nt2-odwn:uitpraten-v-1,uitpraten,verb,ten einde praten,B2,source_candidate_not_curated
nt2-odwn:huwelijksnacht-n-1,huwelijksnacht,noun,eerste nacht na de huwelijksvoltrekking,B2,source_candidate_not_curated
nt2-odwn:luik-n-2,luik,noun,houten afdekking voor een raam,B2,source_candidate_not_curated
nt2-odwn:katholiek-n-1,katholiek,noun,geloofsbelijder v.d. katholieke kerk,B2,source_candidate_not_curated
nt2-odwn:vervalser-n-1,vervalser,noun,iemand die iets namaakt,B2,source_candidate_not_curated
nt2-odwn:overzicht-n-1,overzicht,noun,het overzien v.d. situatie,B2,source_candidate_not_curated
nt2-odwn:fluit-n-2,fluit,noun,signaalinstrument,B2,source_candidate_not_curated
nt2-odwn:schuldgevoel-n-1,schuldgevoel,noun,gevoel van schuld,B2,source_candidate_not_curated
nt2-odwn:auto-ongeluk-n-1,auto-ongeluk,noun,ongeval met één of meer auto's,B2,source_candidate_not_curated
nt2-odwn:gebaar-n-2,gebaar,noun,handeling waaruit goede wil blijkt,B2,source_candidate_not_curated
nt2-odwn:drukken-v-4,drukken,verb,minderen,B2,source_candidate_not_curated
nt2-odwn:imperfectum-n-1,imperfectum,noun,onvoltooid verleden tijd,B2,source_candidate_not_curated
nt2-odwn:antropoloog-n-1,antropoloog,noun,specialist in de antropologie,B2,source_candidate_not_curated
nt2-odwn:verwerken-v-3,verwerken,verb,je eroverheen zetten,B2,source_candidate_not_curated
nt2-odwn:wenkbrauw-n-1,wenkbrauw,noun,streepje haar boven een oog,B2,source_candidate_not_curated
nt2-odwn:scène-n-4,scène,noun,"toneel, podium",B2,source_candidate_not_curated
nt2-odwn:industrie-n-2,industrie,noun,nijverheidstak,B2,source_candidate_not_curated
nt2-odwn:redacteur-n-1,redacteur,noun,iemand die tekst bewerkt voor publicatie,B2,source_candidate_not_curated
nt2-odwn:chef-n-1,chef,noun,degene die leiding geeft,B2,source_candidate_not_curated
nt2-odwn:vliegvakantie-n-1,vliegvakantie,noun,vakantie met vliegreis,B2,source_candidate_not_curated
nt2-odwn:orde-n-4,orde,noun,groep van vergelijkbare zaken,B2,source_candidate_not_curated
nt2-odwn:oplopen-v-1,oplopen,verb,hoger worden,B2,source_candidate_not_curated
nt2-odwn:senior-n-1,senior,noun,ouder iemand,B2,source_candidate_not_curated
nt2-odwn:aangelegenheid-n-1,aangelegenheid,noun,gewichtige zaak,B2,source_candidate_not_curated
nt2-odwn:trend-n-2,trend,noun,iets dat erg in de mode is,B2,source_candidate_not_curated
nt2-odwn:vrijlaten-v-1,vrijlaten,verb,de vrijheid geven aan,B2,source_candidate_not_curated
nt2-odwn:massa-n-2,massa,noun,grote hoeveelheid,B2,source_candidate_not_curated
nt2-odwn:pater-n-1,pater,noun,rooms-katholieke priester,B2,source_candidate_not_curated
nt2-odwn:bukken-v-2,bukken,verb,zwichten,B2,source_candidate_not_curated
nt2-odwn:ondervraagde-n-1,ondervraagde,noun,iemand die ondervraagd wordt of is,B2,source_candidate_not_curated
nt2-odwn:figuur-n-1,figuur,noun,vorm v.h. lichaam,B2,source_candidate_not_curated
nt2-odwn:uitleentermijn-n-1,uitleentermijn,noun,periode dat je iets mag lenen,B2,source_candidate_not_curated
nt2-odwn:pleiten-v-2,pleiten,verb,een betoog houden,B2,source_candidate_not_curated
nt2-odwn:gebaren-v-1,gebaren,verb,gebaren maken,B2,source_candidate_not_curated
nt2-odwn:toevoegen-v-1,toevoegen,verb,erbij doen,B2,source_candidate_not_curated
nt2-odwn:sollicitatie-n-1,sollicitatie,noun,keer dat men solliciteert,B2,source_candidate_not_curated
nt2-odwn:vergelijking-n-3,vergelijking,noun,wiskundige gelijkstelling,B2,source_candidate_not_curated
nt2-odwn:veroorloven-v-1,veroorloven,verb,permitteren,B2,source_candidate_not_curated
nt2-odwn:goal-n-2,goal,noun,doelpunt,B2,source_candidate_not_curated
nt2-odwn:aflopen-v-8,aflopen,verb,tot het einde doorlopen,B2,source_candidate_not_curated
nt2-odwn:korps-n-1,korps,noun,muziekband,B2,source_candidate_not_curated
nt2-odwn:haal-n-1,haal,noun,keer dat je haalt,B2,source_candidate_not_curated
nt2-odwn:storten-v-3,storten,verb,zich bezighouden met,B2,source_candidate_not_curated
nt2-odwn:vissen-v-2,vissen,verb,iets proberen te weten te komen,B2,source_candidate_not_curated
nt2-odwn:eenzaamheid-n-1,eenzaamheid,noun,gevoel van verlatenheid,B2,source_candidate_not_curated
nt2-odwn:blozen-v-1,blozen,verb,een blos krijgen,B2,source_candidate_not_curated
nt2-odwn:vleugel-n-2,vleugel,noun,grote piano,B2,source_candidate_not_curated
nt2-odwn:f-n-2,f,noun,bepaalde muzieknoot,B2,source_candidate_not_curated
nt2-odwn:linkerkant-n-1,linkerkant,noun,kant waaraan het hart zit,B2,source_candidate_not_curated
nt2-odwn:inbraak-n-1,inbraak,noun,ongeoorloofd een pand betreden,B2,source_candidate_not_curated
nt2-odwn:klasgenoot-n-1,klasgenoot,noun,leerling in dezelfde klas,B2,source_candidate_not_curated
nt2-odwn:vergelijking-n-2,vergelijking,noun,bepaalde stijlfiguur,B2,source_candidate_not_curated
nt2-odwn:stelling-n-2,stelling,noun,bouwwerk,B2,source_candidate_not_curated
nt2-odwn:album-n-2,album,noun,muziek- of platenboek,B2,source_candidate_not_curated
nt2-odwn:puinhoop-n-3,puinhoop,noun,chaotische toestand,B2,source_candidate_not_curated
nt2-odwn:overtreding-n-1,overtreding,noun,het breken v.e. wet of regel,B2,source_candidate_not_curated
nt2-odwn:verveling-n-1,verveling,noun,gebrek aan interesse of iets te doen,B2,source_candidate_not_curated
nt2-odwn:producent-n-1,producent,noun,iemand die iets maakt,B2,source_candidate_not_curated
nt2-odwn:bovenkant-n-1,bovenkant,noun,gedeelte dat boven zit,B2,source_candidate_not_curated
nt2-odwn:binnenland-n-2,binnenland,noun,land binnen de grenzen,B2,source_candidate_not_curated
nt2-odwn:kruisspin-n-1,kruisspin,noun,bepaalde spin,B2,source_candidate_not_curated
nt2-odwn:lokken-v-2,lokken,verb,aantrekkingskracht hebben,B2,source_candidate_not_curated
nt2-odwn:speld-n-1,speld,noun,metalen gerei om zaken vast te maken,B2,source_candidate_not_curated
nt2-odwn:wijzigen-v-1,wijzigen,verb,veranderen,B2,source_candidate_not_curated
nt2-odwn:drukte-n-2,drukte,noun,toestand waarin je veel werk hebt,B2,source_candidate_not_curated
nt2-odwn:verwensing-n-1,verwensing,noun,spreuk waarmee je iemand vervloekt,B2,source_candidate_not_curated
nt2-odwn:as-n-2,as,noun,spil,B2,source_candidate_not_curated
nt2-odwn:tegenovergesteld-a-1,tegenovergesteld,adjective,tegengesteld,B2,source_candidate_not_curated
nt2-odwn:fusie-n-1,fusie,noun,proces van samenvoegen,B2,source_candidate_not_curated
nt2-odwn:bourbon-n-1,bourbon,noun,soort whisky,B2,source_candidate_not_curated
nt2-odwn:uiten-v-1,uiten,verb,uitspreken,B2,source_candidate_not_curated
nt2-odwn:sporten-v-1,sporten,verb,aan sport doen,B2,source_candidate_not_curated
nt2-odwn:juichen-v-1,juichen,verb,je vreugde uitbundig uiten,B2,source_candidate_not_curated
nt2-odwn:taalgrens-n-1,taalgrens,noun,grens tussen taalgebieden,B2,source_candidate_not_curated
nt2-odwn:web-n-1,web,noun,netwerk van draden v.e. spin,B2,source_candidate_not_curated
nt2-odwn:trompet-n-1,trompet,noun,bepaald blaasinstrument,B2,source_candidate_not_curated
nt2-odwn:reclamespot-n-1,reclamespot,noun,korte film om iets aan te prijzen,B2,source_candidate_not_curated
nt2-odwn:ma-n-1,ma,noun,moeder,B2,source_candidate_not_curated
nt2-odwn:gezeik-n-1,gezeik,noun,gezanik,B2,source_candidate_not_curated
nt2-odwn:grammatica-n-1,grammatica,noun,geheel van regels v.e. taal,B2,source_candidate_not_curated
nt2-odwn:koper-n-1,koper,noun,roodbruin metaal,B2,source_candidate_not_curated
nt2-odwn:inzien-v-1,inzien,verb,erkennen,B2,source_candidate_not_curated
nt2-odwn:editie-n-1,editie,noun,uitgave,B2,source_candidate_not_curated
nt2-odwn:vertoon-n-1,vertoon,noun,het laten zien,B2,source_candidate_not_curated
nt2-odwn:immigrant-n-1,immigrant,noun,iemand afkomstig uit een ander land,B2,source_candidate_not_curated
nt2-odwn:portier-n-1,portier,noun,iemand die ingang v.e. gebouw bewaakt,B2,source_candidate_not_curated
nt2-odwn:ritueel-n-2,ritueel,noun,gewoonte,B2,source_candidate_not_curated
nt2-odwn:tekort-n-2,tekort,noun,ontbrekende hoeveelheid,B2,source_candidate_not_curated
nt2-odwn:drager-n-1,drager,noun,persoon die draagt,B2,source_candidate_not_curated
nt2-odwn:presentatie-n-3,presentatie,noun,het aanbieden,B2,source_candidate_not_curated
nt2-odwn:arbeidsongeschiktheid-n-1,arbeidsongeschiktheid,noun,het door ziekte niet meer kunnen werken,B2,source_candidate_not_curated
nt2-odwn:album-n-1,album,noun,boek voor foto's of plaatjes,B2,source_candidate_not_curated
nt2-odwn:voetstuk-n-1,voetstuk,noun,verhoging voor een beeld of zuil,B2,source_candidate_not_curated
nt2-odwn:president-n-2,president,noun,voorzitter v.e. vergadering,B2,source_candidate_not_curated
nt2-odwn:sociaal-cultureel-a-1,sociaal-cultureel,adjective,cultureel-maatschappelijk,B2,source_candidate_not_curated
nt2-odwn:bastaardvloek-n-1,bastaardvloek,noun,soort vloek,B2,source_candidate_not_curated
nt2-odwn:nadruk-n-2,nadruk,noun,klemtoon op onderdeel v.e. woord,B2,source_candidate_not_curated
nt2-odwn:wal-n-1,wal,noun,oever,B2,source_candidate_not_curated
nt2-odwn:identificeren-v-3,identificeren,verb,zich vereenzelvigen,B2,source_candidate_not_curated
nt2-odwn:produceren-v-2,produceren,verb,mogelijk maken,B2,source_candidate_not_curated
nt2-odwn:middeleeuwer-n-1,middeleeuwer,noun,iemand uit de Middeleeuwen,B2,source_candidate_not_curated
nt2-odwn:overgang-n-3,overgang,noun,plaats waar men een weg of spoorbaan kan oversteken,B2,source_candidate_not_curated
nt2-odwn:kraken-v-1,kraken,verb,scherp geluid maken,B2,source_candidate_not_curated
nt2-odwn:compensatie-n-1,compensatie,noun,het goed maken van iets,B2,source_candidate_not_curated
nt2-odwn:onthoofden-v-1,onthoofden,verb,het hoofd afslaan,B2,source_candidate_not_curated
nt2-odwn:vloot-n-1,vloot,noun,alle schepen v.e. land of leger,B2,source_candidate_not_curated
nt2-odwn:vloot-n-4,vloot,noun,aantal samen varende of bij elkaar liggende schepen,B2,source_candidate_not_curated
nt2-odwn:schooljaar-n-1,schooljaar,noun,jaar van zomer tot zomer,B2,source_candidate_not_curated
nt2-odwn:hoofdrol-n-1,hoofdrol,noun,belangrijkste rol,B2,source_candidate_not_curated
nt2-odwn:oprichten-v-1,oprichten,verb,doen ontstaan,B2,source_candidate_not_curated
nt2-odwn:chocolademelk-n-1,chocolademelk,noun,drank gemaakt met cacao,B2,source_candidate_not_curated
nt2-odwn:stormen-v-1,stormen,verb,zeer hard waaien,B2,source_candidate_not_curated
nt2-odwn:staf-n-1,staf,noun,stok als teken van waardigheid,B2,source_candidate_not_curated
nt2-odwn:troep-n-6,troep,noun,gezelschap van beroepsspelers dat toneelstukken opvoert,B2,source_candidate_not_curated
nt2-odwn:troep-n-7,troep,noun,eenheid verkenners in de padvinderij,B2,source_candidate_not_curated
nt2-odwn:slag-n-13,slag,noun,soort,B2,source_candidate_not_curated
nt2-odwn:euthanasie-n-1,euthanasie,noun,bewuste levensbeëindiging,B2,source_candidate_not_curated
nt2-odwn:instructie-n-1,instructie,noun,aanwijzing mbt. handelswijze,B2,source_candidate_not_curated
nt2-odwn:bewaking-n-1,bewaking,noun,het bewaken,B2,source_candidate_not_curated
nt2-odwn:vlakte-n-1,vlakte,noun,terrein,B2,source_candidate_not_curated
nt2-odwn:cognac-n-1,cognac,noun,Franse brandewijn,B2,source_candidate_not_curated
nt2-odwn:onderhouden-v-1,onderhouden,verb,in goede staat houden,B2,source_candidate_not_curated
nt2-odwn:opening-n-3,opening,noun,begin van iets,B2,source_candidate_not_curated
nt2-odwn:bedekken-v-1,bedekken,verb,iets ergens overheen leggen,B2,source_candidate_not_curated
nt2-odwn:ingaan-v-4,ingaan,verb,inwilligen,B2,source_candidate_not_curated
nt2-odwn:senator-n-1,senator,noun,lid v.d. senaat,B2,source_candidate_not_curated
nt2-odwn:tikken-v-4,tikken,verb,een tikkend geluid maken,B2,source_candidate_not_curated
nt2-odwn:kaper-n-1,kaper,noun,zeerover,B2,source_candidate_not_curated
nt2-odwn:constructie-n-3,constructie,noun,resultaat v.h. construeren,B2,source_candidate_not_curated
nt2-odwn:ongeboren-a-1,ongeboren,adjective,niet geboren,B2,source_candidate_not_curated
nt2-odwn:onderwijzer-n-1,onderwijzer,noun,iemand die beroepsmatig lesgeeft,B2,source_candidate_not_curated
nt2-odwn:keren-v-4,keren,verb,afwenden,B2,source_candidate_not_curated
nt2-odwn:filmen-v-1,filmen,verb,op film zetten,B2,source_candidate_not_curated
nt2-odwn:registreren-v-2,registreren,verb,met apparatuur opnemen,B2,source_candidate_not_curated
nt2-odwn:sein-n-1,sein,noun,teken (ter waarschuwing),B2,source_candidate_not_curated
nt2-odwn:loslaten-v-1,loslaten,verb,niet vasthouden,B2,source_candidate_not_curated
nt2-odwn:aanbieding-n-1,aanbieding,noun,prijsopgave v.e. bepaalde dienst of goed,B2,source_candidate_not_curated
nt2-odwn:dubbeltje-n-1,dubbeltje,noun,muntje van tien cent,B2,source_candidate_not_curated
nt2-odwn:klauw-n-3,klauw,noun,hand,B2,source_candidate_not_curated
nt2-odwn:lans-n-1,lans,noun,lang stootwapen,B2,source_candidate_not_curated
nt2-odwn:materie-n-2,materie,noun,datgene wat bestudeerd wordt,B2,source_candidate_not_curated
nt2-odwn:code-n-3,code,noun,"schrift met letters, cijfers of tekens, waarvan de geheime betekenis door twee of meer personen onderling vastgesteld is, en dat alleen gelezen kan worden door de ingewijde die in het bezit is van de zogenaamde sleutel",B2,source_candidate_not_curated
nt2-odwn:aanspreken-v-4,aanspreken,verb,een positieve indruk geven,B2,source_candidate_not_curated
nt2-odwn:bijgeloof-n-1,bijgeloof,noun,superstitie,B2,source_candidate_not_curated
nt2-odwn:kolonist-n-1,kolonist,noun,iemand die naar een kolonie gaat,B2,source_candidate_not_curated
nt2-odwn:staf-n-2,staf,noun,groep leidende medewerkers,B2,source_candidate_not_curated
nt2-odwn:bevestigen-v-2,bevestigen,verb,affirmeren,B2,source_candidate_not_curated
nt2-odwn:maximum-n-1,maximum,noun,bovengrens v.e. bepaalde eenheid,B2,source_candidate_not_curated
nt2-odwn:uitgever-n-1,uitgever,noun,iemand die beroepsmatig uitgeeft,B2,source_candidate_not_curated
nt2-odwn:portier-n-2,portier,noun,deur v.e. vervoermiddel,B2,source_candidate_not_curated
nt2-odwn:kleuren-v-2,kleuren,verb,een kleur geven,B2,source_candidate_not_curated
nt2-odwn:minderheid-n-2,minderheid,noun,relatief kleine bevolkingsgroep,B2,source_candidate_not_curated
nt2-odwn:vegen-v-1,vegen,verb,borstelen,B2,source_candidate_not_curated
nt2-odwn:berekenen-v-1,berekenen,verb,door rekenen te weten komen,B2,source_candidate_not_curated
nt2-odwn:linkerhand-n-1,linkerhand,noun,hand die aan de linkerarm zit,B2,source_candidate_not_curated
nt2-odwn:aanmerking-n-1,aanmerking,noun,afkeurende opmerking,B2,source_candidate_not_curated
nt2-odwn:openluchtmuseum-n-1,openluchtmuseum,noun,museum met reconstructies v.d. oudheid,B2,source_candidate_not_curated
nt2-odwn:hanteren-v-1,hanteren,verb,iets gebruiken,B2,source_candidate_not_curated
nt2-odwn:stroming-n-1,stroming,noun,"verplaatsing van gas, vloeistof",B2,source_candidate_not_curated
nt2-odwn:spin-n-1,spin,noun,geleedpotig dier met acht poten,B2,source_candidate_not_curated
nt2-odwn:steek-n-1,steek,noun,keer dat je steekt of gestoken wordt,B2,source_candidate_not_curated
nt2-odwn:leerzaam-a-1,leerzaam,adjective,instructief,B2,source_candidate_not_curated
nt2-odwn:ha-n-1,ha,noun,oppervlaktemaat,B2,source_candidate_not_curated
nt2-odwn:container-n-1,container,noun,transportbak,B2,source_candidate_not_curated
nt2-odwn:deskundige-n-1,deskundige,noun,iemand met veel specifieke kennis,B2,source_candidate_not_curated
nt2-odwn:rollen-v-5,rollen,verb,vervaardigen,B2,source_candidate_not_curated
nt2-odwn:doelgroep-n-1,doelgroep,noun,groep mensen die men wil bereiken,B2,source_candidate_not_curated
nt2-odwn:hollen-v-1,hollen,verb,hardlopen,B2,source_candidate_not_curated
nt2-odwn:moeilijkheid-n-2,moeilijkheid,noun,het moeilijk zijn,B2,source_candidate_not_curated
nt2-odwn:kerstboom-n-1,kerstboom,noun,versierde spar met kerst,B2,source_candidate_not_curated
nt2-odwn:emir-n-1,emir,noun,Arabisch vorst,B2,source_candidate_not_curated
nt2-odwn:investeren-v-1,investeren,verb,mbt. een belegging,B2,source_candidate_not_curated
nt2-odwn:ondergaan-v-2,ondergaan,verb,doormaken,B2,source_candidate_not_curated
nt2-odwn:begroeting-n-1,begroeting,noun,het verwelkomen,B2,source_candidate_not_curated
nt2-odwn:scholier-n-1,scholier,noun,kind dat op school zit,B2,source_candidate_not_curated
nt2-odwn:grafiek-n-1,grafiek,noun,grafische figuur,B2,source_candidate_not_curated
nt2-odwn:rammel-n-2,rammel,noun,(pratende) mond,B2,source_candidate_not_curated
nt2-odwn:misdadiger-n-1,misdadiger,noun,iemand die de wet heeft overtreden,B2,source_candidate_not_curated
nt2-odwn:chirurgie-n-1,chirurgie,noun,wetenschap v.h. opereren,B2,source_candidate_not_curated
nt2-odwn:loop-n-3,loop,noun,manier van lopen,B2,source_candidate_not_curated
nt2-odwn:brandkast-n-1,brandkast,noun,safe,B2,source_candidate_not_curated
nt2-odwn:regeerakkoord-n-1,regeerakkoord,noun,afspraken bij het vormen v.d. regering,B2,source_candidate_not_curated
nt2-odwn:telefoneren-v-1,telefoneren,verb,opbellen,B2,source_candidate_not_curated
nt2-odwn:begraafplaats-n-1,begraafplaats,noun,kerkhof,B2,source_candidate_not_curated
nt2-odwn:hoogte-n-3,hoogte,noun,geografische omgeving,B2,source_candidate_not_curated
nt2-odwn:kauwen-v-1,kauwen,verb,bijten op iets,B2,source_candidate_not_curated
nt2-odwn:gegil-n-1,gegil,noun,"hard, hoog geschreeuw",B2,source_candidate_not_curated
nt2-odwn:best-n-1,best,noun,*** gunstigst,B2,source_candidate_not_curated
nt2-odwn:heersen-v-3,heersen,verb,domineren,B2,source_candidate_not_curated
nt2-odwn:heffen-v-1,heffen,verb,tillen,B2,source_candidate_not_curated
nt2-odwn:polsen-v-1,polsen,verb,voorzichtig uitzoeken,B2,source_candidate_not_curated
nt2-odwn:strik-n-1,strik,noun,in elkaar geknoopte lussen,B2,source_candidate_not_curated
nt2-odwn:besturen-v-2,besturen,verb,leiding geven,B2,source_candidate_not_curated
nt2-odwn:beheerder-n-2,beheerder,noun,iem. die eigendommen van derden beheert,B2,source_candidate_not_curated
nt2-odwn:nood-n-3,nood,noun,noodzaak,B2,source_candidate_not_curated
nt2-odwn:zonsondergang-n-1,zonsondergang,noun,het zakken v.d. zon,B2,source_candidate_not_curated
nt2-odwn:opknappen-v-2,opknappen,verb,in goede staat brengen,B2,source_candidate_not_curated
nt2-odwn:methadon-n-1,methadon,noun,heroïnevervangend middel,B2,source_candidate_not_curated
nt2-odwn:gezelligheid-n-1,gezelligheid,noun,aangenaam samenzijn,B2,source_candidate_not_curated
nt2-odwn:bewondering-n-1,bewondering,noun,waardering,B2,source_candidate_not_curated
nt2-odwn:minister-president-n-1,minister-president,noun,hoofd v.e. regering,B2,source_candidate_not_curated
nt2-odwn:marathon-n-3,marathon,noun,schaatswedstrijd,B2,source_candidate_not_curated
nt2-odwn:atmosfeer-n-3,atmosfeer,noun,stemming,B2,source_candidate_not_curated
nt2-odwn:kloppen-v-5,kloppen,verb,door kloppen in andere toestand brengen,B2,source_candidate_not_curated
nt2-odwn:verbranden-v-2,verbranden,verb,door vuur gehavend worden,B2,source_candidate_not_curated
nt2-odwn:parkeergarage-n-1,parkeergarage,noun,overdekte parkeergelegenheid,B2,source_candidate_not_curated
nt2-odwn:specerij-n-1,specerij,noun,gedroogde planten met sterke geur/smaak,B2,source_candidate_not_curated
nt2-odwn:vereisen-v-1,vereisen,verb,vergen,B2,source_candidate_not_curated
nt2-odwn:dagen-v-1,dagen,verb,dag worden,B2,source_candidate_not_curated
nt2-odwn:hygiëne-n-1,hygiëne,noun,zorg voor persoonlijke gezondheid,B2,source_candidate_not_curated
nt2-odwn:omvang-n-1,omvang,noun,afmetingen,B2,source_candidate_not_curated
nt2-odwn:overlevende-n-1,overlevende,noun,iemand die iets ergs overleefd heeft,B2,source_candidate_not_curated
nt2-odwn:schaats-n-1,schaats,noun,"(schoen met) lang, smal, geslepen ijzer",B2,source_candidate_not_curated
nt2-odwn:militair-n-1,militair,noun,soldaat,B2,source_candidate_not_curated
nt2-odwn:slogan-n-1,slogan,noun,kort maar krachtige zin ter herkenning,B2,source_candidate_not_curated
nt2-odwn:bevorderen-v-1,bevorderen,verb,gunstig beïnvloeden,B2,source_candidate_not_curated
nt2-odwn:lap-n-1,lap,noun,stuk textiel,B2,source_candidate_not_curated
nt2-odwn:ruil-n-1,ruil,noun,het ruilen,B2,source_candidate_not_curated
nt2-odwn:verplaatsen-v-3,verplaatsen,verb,zich voorstellen,B2,source_candidate_not_curated
nt2-odwn:luik-n-1,luik,noun,afdekking voor opening zoals in een vloer,B2,source_candidate_not_curated
nt2-odwn:kaarslicht-n-1,kaarslicht,noun,licht v.e. kaarsvlam,B2,source_candidate_not_curated
nt2-odwn:profiel-n-6,profiel,noun,vakkencombinatie in het voortgezet onderwijs,B2,source_candidate_not_curated
nt2-odwn:schaken-v-1,schaken,verb,schaak spelen,B2,source_candidate_not_curated
nt2-odwn:diersoort-n-1,diersoort,noun,subfamilie der dieren,B2,source_candidate_not_curated
nt2-odwn:poster-n-1,poster,noun,grote gedrukte afbeelding,B2,source_candidate_not_curated
nt2-odwn:behang-n-1,behang,noun,wandbekleding,B2,source_candidate_not_curated
nt2-odwn:mishandelen-v-1,mishandelen,verb,letsel toebrengen,B2,source_candidate_not_curated
nt2-odwn:brutosalaris-n-1,brutosalaris,noun,loon zonder aftrek,B2,source_candidate_not_curated
nt2-odwn:bedienen-v-3,bedienen,verb,doen functioneren,B2,source_candidate_not_curated
nt2-odwn:luiden-v-3,luiden,verb,(een klok) doen klinken,B2,source_candidate_not_curated
nt2-odwn:gehakt-n-1,gehakt,noun,vermalen vlees,B2,source_candidate_not_curated
nt2-odwn:rollen-v-2,rollen,verb,iets wentelend voortbewegen,B2,source_candidate_not_curated
nt2-odwn:inhouden-v-2,inhouden,verb,"beheersen, tegenhouden",B2,source_candidate_not_curated
nt2-odwn:maal-n-3,maal,noun,aanduiding voor vermenigvuldiging,B2,source_candidate_not_curated
nt2-odwn:genie-n-3,genie,noun,zeer begaafd iemand,B2,source_candidate_not_curated
nt2-odwn:hakken-v-3,hakken,verb,"uithakken, houwen",B2,source_candidate_not_curated
nt2-odwn:humeur-n-1,humeur,noun,stemming,B2,source_candidate_not_curated
nt2-odwn:erkenning-n-2,erkenning,noun,waardering,B2,source_candidate_not_curated
nt2-odwn:rilling-n-1,rilling,noun,huivering,B2,source_candidate_not_curated
nt2-odwn:delta-n-1,delta,noun,soort riviermonding aan zee,B2,source_candidate_not_curated
nt2-odwn:boel-n-3,boel,noun,massa,B2,source_candidate_not_curated
nt2-odwn:advocatenkantoor-n-1,advocatenkantoor,noun,kantoor v.e. advocatenpraktijk,B2,source_candidate_not_curated
nt2-odwn:schaak-n-2,schaak,noun,bepaalde positie in het schaakspel,B2,source_candidate_not_curated
nt2-odwn:zondig-a-1,zondig,adjective,mbt. zonden,B2,source_candidate_not_curated
nt2-odwn:wagen-n-2,wagen,noun,bewegend deel v.e. schrijfmachine,B2,source_candidate_not_curated
nt2-odwn:werktijd-n-1,werktijd,noun,tijd waarin je werkt,B2,source_candidate_not_curated
nt2-odwn:afleggen-v-2,afleggen,verb,volgen tot het einde,B2,source_candidate_not_curated
nt2-odwn:wisselen-v-1,wisselen,verb,verruilen,B2,source_candidate_not_curated
nt2-odwn:sporter-n-1,sporter,noun,iemand die sport,B2,source_candidate_not_curated
nt2-odwn:verdrinken-v-3,verdrinken,verb,drinkend opmaken,B2,source_candidate_not_curated
nt2-odwn:voogd-n-1,voogd,noun,vertegenwoordiger v.e. minderjarige,B2,source_candidate_not_curated
nt2-odwn:oudejaarsavond-n-1,oudejaarsavond,noun,avond voor nieuwjaar,B2,source_candidate_not_curated
nt2-odwn:lanceren-v-1,lanceren,verb,de lucht in schieten,B2,source_candidate_not_curated
nt2-odwn:verbazingwekkend-a-1,verbazingwekkend,adjective,verwonderlijk,B2,source_candidate_not_curated
nt2-odwn:mompelen-v-1,mompelen,verb,binnensmonds praten,B2,source_candidate_not_curated
nt2-odwn:cover-n-1,cover,noun,boekomslag,B2,source_candidate_not_curated
nt2-odwn:invoerrecht-n-1,invoerrecht,noun,belasting op ingevoerde goederen,B2,source_candidate_not_curated
nt2-odwn:prikken-v-4,prikken,verb,spuiten,B2,source_candidate_not_curated
nt2-odwn:aanzien-v-1,aanzien,verb,kijken zonder iets te doen,B2,source_candidate_not_curated
nt2-odwn:pelgrim-n-1,pelgrim,noun,bedevaartganger,B2,source_candidate_not_curated
nt2-odwn:aspect-n-2,aspect,noun,grammaticaal kenmerk,B2,source_candidate_not_curated
nt2-odwn:ongebruikelijk-a-1,ongebruikelijk,adjective,niet gebruikelijk,B2,source_candidate_not_curated
nt2-odwn:ontspanning-n-1,ontspanning,noun,activiteiten als afleiding v.h. gewone,B2,source_candidate_not_curated
nt2-odwn:verbouwen-v-1,verbouwen,verb,van gebouwen,B2,source_candidate_not_curated
nt2-odwn:fantasie-n-2,fantasie,noun,het zich verbeelden,B2,source_candidate_not_curated
nt2-odwn:leunen-v-1,leunen,verb,steunen tegen iets,B2,source_candidate_not_curated
nt2-odwn:verdrag-n-1,verdrag,noun,officiële overeenkomst,B2,source_candidate_not_curated
nt2-odwn:regeringscoalitie-n-1,regeringscoalitie,noun,combinatie van partijen in een regering,B2,source_candidate_not_curated
nt2-odwn:nadelig-a-1,nadelig,adjective,schadelijk,B2,source_candidate_not_curated
nt2-odwn:spikkel-n-1,spikkel,noun,stip,B2,source_candidate_not_curated
nt2-odwn:controleur-n-1,controleur,noun,controlerend ambtenaar,B2,source_candidate_not_curated
nt2-odwn:uitlachen-v-1,uitlachen,verb,spottend lachen,B2,source_candidate_not_curated
nt2-odwn:krabben-v-1,krabben,verb,krauwen,B2,source_candidate_not_curated
nt2-odwn:vergeving-n-1,vergeving,noun,het vergeven,B2,source_candidate_not_curated
nt2-odwn:isoleren-v-1,isoleren,verb,afzonderen,B2,source_candidate_not_curated
nt2-odwn:tekstsoort-n-1,tekstsoort,noun,categorie waartoe een tekst behoort,B2,source_candidate_not_curated
nt2-odwn:decaan-n-1,decaan,noun,iemand die studieadvies geeft,B2,source_candidate_not_curated
nt2-odwn:bladeren-v-1,bladeren,verb,bladerend doorlopen,B2,source_candidate_not_curated
nt2-odwn:imiteren-v-1,imiteren,verb,nabootsen,B2,source_candidate_not_curated
nt2-odwn:wethouder-n-1,wethouder,noun,lid v.h. gemeentebestuur,B2,source_candidate_not_curated
nt2-odwn:tatoeage-n-1,tatoeage,noun,permanente versiering op de huid,B2,source_candidate_not_curated
nt2-odwn:zeil-n-1,zeil,noun,windvanger aan een vaartuig,B2,source_candidate_not_curated
nt2-odwn:huidskleur-n-1,huidskleur,noun,kleur v.d. huid,B2,source_candidate_not_curated
nt2-odwn:downloaden-v-1,downloaden,verb,data binnenhalen op computer,B2,source_candidate_not_curated
nt2-odwn:terrein-n-2,terrein,noun,onderwerp van gesprek/gedachten,B2,source_candidate_not_curated
nt2-odwn:parket-n-1,parket,noun,houten vloer,B2,source_candidate_not_curated
nt2-odwn:doelstelling-n-1,doelstelling,noun,doel dat je jezelf gesteld hebt,B2,source_candidate_not_curated
nt2-odwn:regelrecht-a-1,regelrecht,adjective,rechtstreeks,B2,source_candidate_not_curated
nt2-odwn:werkkamer-n-1,werkkamer,noun,kamer bestemd voor werk,B2,source_candidate_not_curated
nt2-odwn:stripverhaal-n-1,stripverhaal,noun,verhaal in plaatjes,B2,source_candidate_not_curated
nt2-odwn:spanning-n-4,spanning,noun,gespannen relatie tussen twee of meerdere partijen,B2,source_candidate_not_curated
nt2-odwn:vernielen-v-1,vernielen,verb,stukmaken,B2,source_candidate_not_curated
nt2-odwn:vervullen-v-3,vervullen,verb,uitoefenen,B2,source_candidate_not_curated
nt2-odwn:volksgezondheid-n-1,volksgezondheid,noun,welzijn v.h. volk,B2,source_candidate_not_curated
nt2-odwn:aankomst-n-1,aankomst,noun,bereiken v.e. plaats,B2,source_candidate_not_curated
nt2-odwn:stakker-n-1,stakker,noun,zielig iemand,B2,source_candidate_not_curated
nt2-odwn:toelaten-v-1,toelaten,verb,toestaan,B2,source_candidate_not_curated
nt2-odwn:zitting-n-1,zitting,noun,deel v.e. stoel waar je op zit,B2,source_candidate_not_curated
nt2-odwn:straal-n-2,straal,noun,stroom vloeistof,B2,source_candidate_not_curated
nt2-odwn:profiel-n-2,profiel,noun,doorsnede van iets,B2,source_candidate_not_curated
nt2-odwn:profiel-n-5,profiel,noun,raamwerk van latten als richtlijn of ter afbakening van metsel- of graafwerk,B2,source_candidate_not_curated
nt2-odwn:drempel-n-1,drempel,noun,dorpel,B2,source_candidate_not_curated
nt2-odwn:roep-n-2,roep,noun,massale eis,B2,source_candidate_not_curated
nt2-odwn:wetsvoorstel-n-1,wetsvoorstel,noun,aanzet voor een nieuwe wet,B2,source_candidate_not_curated
nt2-odwn:zalm-n-1,zalm,noun,bepaalde vis met rozerood vlees,B2,source_candidate_not_curated
nt2-odwn:binnenstad-n-1,binnenstad,noun,stadskern,B2,source_candidate_not_curated
nt2-odwn:jager-n-2,jager,noun,gevechtsvliegtuig,B2,source_candidate_not_curated
nt2-odwn:schoonmaak-n-1,schoonmaak,noun,het schoonmaken v.h. huis,B2,source_candidate_not_curated
nt2-odwn:vertrek-n-2,vertrek,noun,ruimte,B2,source_candidate_not_curated
nt2-odwn:vroom-a-1,vroom,adjective,devoot,B2,source_candidate_not_curated
nt2-odwn:vertalen-v-3,vertalen,verb,bruikbaar maken,B2,source_candidate_not_curated
nt2-odwn:oprichting-n-1,oprichting,noun,"start v.e. vereniging, bedrijf etc.",B2,source_candidate_not_curated
nt2-odwn:hiërarchie-n-1,hiërarchie,noun,rangorde,B2,source_candidate_not_curated
nt2-odwn:serveren-v-2,serveren,verb,opslaan (balsport),B2,source_candidate_not_curated
nt2-odwn:enquête-n-1,enquête,noun,onderzoek naar publieke opinie,B2,source_candidate_not_curated
nt2-odwn:dekken-v-4,dekken,verb,paren,B2,source_candidate_not_curated
nt2-odwn:dichttrekken-v-2,dichttrekken,verb,trekkend sluiten,B2,source_candidate_not_curated
nt2-odwn:plas-n-2,plas,noun,hoeveelheid vloeistof,B2,source_candidate_not_curated
nt2-odwn:kiezer-n-1,kiezer,noun,iemand die mag stemmen,B2,source_candidate_not_curated
nt2-odwn:loket-n-1,loket,noun,raam/opening boven balie,B2,source_candidate_not_curated
nt2-odwn:uitbreiden-v-1,uitbreiden,verb,groter maken,B2,source_candidate_not_curated
nt2-odwn:supporter-n-1,supporter,noun,aanhanger v.e. sportclub,B2,source_candidate_not_curated
nt2-odwn:basiseducatie-n-1,basiseducatie,noun,soort onderwijs,B2,source_candidate_not_curated
nt2-odwn:make-up-n-1,make-up,noun,middelen om je gezicht mee op te maken,B2,source_candidate_not_curated
nt2-odwn:zwerver-n-1,zwerver,noun,iemand zonder vaste verblijfplaats,B2,source_candidate_not_curated
nt2-odwn:crèche-n-1,crèche,noun,kinderdagverblijf,B2,source_candidate_not_curated
nt2-odwn:zitkamer-n-1,zitkamer,noun,kamer waar je meestal zit,B2,source_candidate_not_curated
nt2-odwn:abortus-n-1,abortus,noun,zwangerschapsonderbreking,B2,source_candidate_not_curated
nt2-odwn:omgang-n-1,omgang,noun,"wijze van omgaan met mensen, situatie of omgeving",B2,source_candidate_not_curated
nt2-odwn:hak-n-1,hak,noun,deel v.e. schoen onder de hiel,B2,source_candidate_not_curated
nt2-odwn:drukte-n-3,drukte,noun,ophef,B2,source_candidate_not_curated
nt2-odwn:tijdperk-n-1,tijdperk,noun,bepaalde periode,B2,source_candidate_not_curated
nt2-odwn:hulpvrager-n-1,hulpvrager,noun,iemand die hulp vraagt,B2,source_candidate_not_curated
nt2-odwn:meldingsplicht-n-1,meldingsplicht,noun,verplichting om jezelf of iets te melden,B2,source_candidate_not_curated
nt2-odwn:uitvoeringsbesluit-n-1,uitvoeringsbesluit,noun,besluit tot uitvoering v.e. wet,B2,source_candidate_not_curated
nt2-odwn:klank-n-1,klank,noun,geluid,B2,source_candidate_not_curated
nt2-odwn:mat-n-1,mat,noun,vloerkleed; kleed dat op de vloer gelegd wordt ter aankleding of bescherming,B2,source_candidate_not_curated
nt2-odwn:creativiteit-n-1,creativiteit,noun,scheppend vermogen,B2,source_candidate_not_curated
nt2-odwn:milieuprobleem-n-1,milieuprobleem,noun,probleem ogv. milieuvervuiling,B2,source_candidate_not_curated
nt2-odwn:gedaante-n-1,gedaante,noun,vage verschijning,B2,source_candidate_not_curated
nt2-odwn:gemeenschap-n-2,gemeenschap,noun,omgang met iemand,B2,source_candidate_not_curated
nt2-odwn:roddelen-v-1,roddelen,verb,roddels vertellen,B2,source_candidate_not_curated
nt2-odwn:landen-v-2,landen,verb,aan land komen,B2,source_candidate_not_curated
nt2-odwn:trouwerij-n-1,trouwerij,noun,feest behorend bij een bruiloft,B2,source_candidate_not_curated
nt2-odwn:beuren-v-1,beuren,verb,geld innen,B2,source_candidate_not_curated
nt2-odwn:berichten-v-1,berichten,verb,melden,B2,source_candidate_not_curated
nt2-odwn:binnenlaten-v-1,binnenlaten,verb,laten binnenkomen,B2,source_candidate_not_curated
nt2-odwn:weghalen-v-1,weghalen,verb,meenemen,B2,source_candidate_not_curated
nt2-odwn:dringen-v-3,dringen,verb,door druk verplaatsen,B2,source_candidate_not_curated
nt2-odwn:hoorzitting-n-1,hoorzitting,noun,openbare zitting,B2,source_candidate_not_curated
nt2-odwn:afkorting-n-1,afkorting,noun,door weglatingen ingekort woord,B2,source_candidate_not_curated
nt2-odwn:ruimen-v-2,ruimen,verb,opruimen,B2,source_candidate_not_curated
nt2-odwn:keren-v-6,keren,verb,zich tegen iets keren,B2,source_candidate_not_curated
nt2-odwn:kleinigheid-n-1,kleinigheid,noun,iets onbelangrijks,B2,source_candidate_not_curated
nt2-odwn:historicus-n-1,historicus,noun,geschiedkundige,B2,source_candidate_not_curated
nt2-odwn:fietser-n-1,fietser,noun,weggebruiker op de fiets,B2,source_candidate_not_curated
nt2-odwn:oppervlak-n-2,oppervlak,noun,grootte van de buitenkant v.e. ruimtelijk lichaam als maat,B2,source_candidate_not_curated
nt2-odwn:ondergaan-v-1,ondergaan,verb,onder oppervlakte zakken van de zon of de maan,B2,source_candidate_not_curated
nt2-odwn:onbeleefd-a-1,onbeleefd,adjective,niet beleefd,B2,source_candidate_not_curated
nt2-odwn:geruststellend-a-1,geruststellend,adjective,wat geruststelt,B2,source_candidate_not_curated
nt2-odwn:groepering-n-2,groepering,noun,het groeperen,B2,source_candidate_not_curated
nt2-odwn:eetzaal-n-1,eetzaal,noun,zaal waar men eet,B2,source_candidate_not_curated
nt2-odwn:petroleumlamp-n-1,petroleumlamp,noun,lamp die op petroleum brandt,B2,source_candidate_not_curated
nt2-odwn:draai-n-2,draai,noun,draaibeweging,B2,source_candidate_not_curated
nt2-odwn:as-n-1,as,noun,verbrandingsrest,B2,source_candidate_not_curated
nt2-odwn:computerspel-n-1,computerspel,noun,spelletje op de computer,B2,source_candidate_not_curated
nt2-odwn:pint-n-1,pint,noun,glas bier,B2,source_candidate_not_curated
nt2-odwn:ministerie-n-1,ministerie,noun,elk v.d. aparte regeringsafdelingen,B2,source_candidate_not_curated
nt2-odwn:e-n-1,e,noun,letter v.h. alfabet,B2,source_candidate_not_curated
nt2-odwn:moordaanslag-n-1,moordaanslag,noun,poging tot moord,B2,source_candidate_not_curated
nt2-odwn:leerkracht-n-1,leerkracht,noun,degene die lesgeeft,B2,source_candidate_not_curated
nt2-odwn:bewerken-v-1,bewerken,verb,omwerken,B2,source_candidate_not_curated
nt2-odwn:hechten-v-4,hechten,verb,toeschrijven,B2,source_candidate_not_curated
nt2-odwn:liberaal-n-1,liberaal,noun,aanhanger v.h. liberalisme,B2,source_candidate_not_curated
nt2-odwn:buiging-n-1,buiging,noun,beweging met hoofd,B2,source_candidate_not_curated
nt2-odwn:bewering-n-1,bewering,noun,uitspraak,B2,source_candidate_not_curated
nt2-odwn:betrekken-v-5,betrekken,verb,van een gelaat,B2,source_candidate_not_curated
nt2-odwn:afvalstroom-n-1,afvalstroom,noun,verzamelde hoeveelheid afval,B2,source_candidate_not_curated
nt2-odwn:ondernemingsraad-n-1,ondernemingsraad,noun,bestuur van werknemers in onderneming,B2,source_candidate_not_curated
nt2-odwn:organisatiestructuur-n-1,organisatiestructuur,noun,structuur binnen een organisatie,B2,source_candidate_not_curated
nt2-odwn:overzichtelijkheid-n-1,overzichtelijkheid,noun,het zeer overzichtelijk zijn,B2,source_candidate_not_curated
nt2-odwn:vestigingsvergunning-n-1,vestigingsvergunning,noun,recht om ergens te vestigen,B2,source_candidate_not_curated
nt2-odwn:mast-n-4,mast,noun,hoge antenne,B2,source_candidate_not_curated
nt2-odwn:drugsverslaafde-n-1,drugsverslaafde,noun,iemand die niet zonder drugs kan,B2,source_candidate_not_curated
nt2-odwn:aannemen-v-1,aannemen,verb,iets op- of aanpakken,B2,source_candidate_not_curated
nt2-odwn:nawoord-n-1,nawoord,noun,epiloog,B2,source_candidate_not_curated
nt2-odwn:onschuld-n-1,onschuld,noun,het geen schuld hebben aan iets,B2,source_candidate_not_curated
nt2-odwn:onschuld-n-2,onschuld,noun,het geen besef hebben van goed en kwaad,B2,source_candidate_not_curated
nt2-odwn:aanzien-n-1,aanzien,noun,uiterlijk,B2,source_candidate_not_curated
nt2-odwn:biljart-n-2,biljart,noun,balspel,B2,source_candidate_not_curated
nt2-odwn:hof-n-3,hof,noun,tuin,B2,source_candidate_not_curated
nt2-odwn:kerstdag-n-1,kerstdag,noun,25 december als christelijke feestdag,B2,source_candidate_not_curated
nt2-odwn:doorbreken-v-4,doorbreken,verb,een opening maken in iets,B2,source_candidate_not_curated
nt2-odwn:beogen-v-1,beogen,verb,proberen te bereiken,B2,source_candidate_not_curated
nt2-odwn:zomers-a-1,zomers,adjective,horend bij de zomer,B2,source_candidate_not_curated
nt2-odwn:gezang-n-1,gezang,noun,het zingen,B2,source_candidate_not_curated
nt2-odwn:verscheuren-v-2,verscheuren,verb,tweedracht zaaien,B2,source_candidate_not_curated
nt2-odwn:abonnement-n-2,abonnement,noun,bewijs van betaling,B2,source_candidate_not_curated
nt2-odwn:creatie-n-3,creatie,noun,ontwerp v.e. kledingstuk,B2,source_candidate_not_curated
nt2-odwn:ideaal-n-1,ideaal,noun,"modelbeeld, droombeeld",B2,source_candidate_not_curated
nt2-odwn:streven-v-1,streven,verb,zich inspannen,B2,source_candidate_not_curated
nt2-odwn:diagnose-n-1,diagnose,noun,vaststelling v.e. ziekte,B2,source_candidate_not_curated
nt2-odwn:inhoud-n-1,inhoud,noun,onderwerp v.e. tekst,B2,source_candidate_not_curated
nt2-odwn:strekken-v-1,strekken,verb,uitspreiden,B2,source_candidate_not_curated
nt2-odwn:parkeerterrein-n-1,parkeerterrein,noun,terrein om op te parkeren,B2,source_candidate_not_curated
nt2-odwn:combineren-v-1,combineren,verb,bij elkaar plaatsen,B2,source_candidate_not_curated
nt2-odwn:koppelen-v-1,koppelen,verb,verbinden,B2,source_candidate_not_curated
nt2-odwn:verloven-v-1,verloven,verb,een verloving aangaan,B2,source_candidate_not_curated
nt2-odwn:bereidheid-n-1,bereidheid,noun,bereidwilligheid,B2,source_candidate_not_curated
nt2-odwn:proef-n-1,proef,noun,praktisch en wetenschappelijk onderzoek,B2,source_candidate_not_curated
nt2-odwn:ontevreden-a-1,ontevreden,adjective,misnoegd,B2,source_candidate_not_curated
nt2-odwn:afdruk-n-1,afdruk,noun,figuur achtergelaten door iets anders,B2,source_candidate_not_curated
nt2-odwn:erfenis-n-1,erfenis,noun,het nalaten,B2,source_candidate_not_curated
nt2-odwn:plas-n-4,plas,noun,urine,B2,source_candidate_not_curated
nt2-odwn:woordenschat-n-1,woordenschat,noun,alle woorden die iemand/een taal kent,B2,source_candidate_not_curated
nt2-odwn:opvoeren-v-3,opvoeren,verb,als punt of argument aanbrengen,B2,source_candidate_not_curated
nt2-odwn:strijdbijl-n-1,strijdbijl,noun,oorlogsbijl,B2,source_candidate_not_curated
nt2-odwn:schilderkunst-n-1,schilderkunst,noun,beeldende kunst met verf,B2,source_candidate_not_curated
nt2-odwn:rapen-v-1,rapen,verb,oprapen,B2,source_candidate_not_curated
nt2-odwn:koers-n-3,koers,noun,wedstrijd om de snelheid,B2,source_candidate_not_curated
nt2-odwn:onafhankelijkheid-n-2,onafhankelijkheid,noun,zelfstandigheid v.d. mens,B2,source_candidate_not_curated
nt2-odwn:energietekort-n-1,energietekort,noun,tekort aan energie,B2,source_candidate_not_curated
nt2-odwn:gevoelen-v-1,gevoelen,verb,voelen,B2,source_candidate_not_curated
nt2-odwn:hoofdpersoon-n-1,hoofdpersoon,noun,belangrijkste personage in een verhaal,B2,source_candidate_not_curated
nt2-odwn:afgrond-n-1,afgrond,noun,grondeloze diepte,B2,source_candidate_not_curated
nt2-odwn:apparatuur-n-1,apparatuur,noun,gezamenlijke apparaten,B2,source_candidate_not_curated
nt2-odwn:reglement-n-1,reglement,noun,geheel van voorschriften,B2,source_candidate_not_curated
nt2-odwn:ontsteking-n-1,ontsteking,noun,reactie op beschadiging v.h. weefsel,B2,source_candidate_not_curated
nt2-odwn:bedenker-n-1,bedenker,noun,uitvinder,B2,source_candidate_not_curated
nt2-odwn:slagroom-n-1,slagroom,noun,zeer vette room,B2,source_candidate_not_curated
nt2-odwn:betreden-v-1,betreden,verb,treden in of op iets,B2,source_candidate_not_curated
nt2-odwn:uitsluiten-v-2,uitsluiten,verb,uitzonderen,B2,source_candidate_not_curated
nt2-odwn:vervoermiddel-n-1,vervoermiddel,noun,middel om mensen/goederen te vervoeren,B2,source_candidate_not_curated
nt2-odwn:onderkomen-n-1,onderkomen,noun,plaats waar je kunt verblijven,B2,source_candidate_not_curated
nt2-odwn:trouwjurk-n-1,trouwjurk,noun,jurk waarin je trouwt,B2,source_candidate_not_curated
nt2-odwn:botsing-n-1,botsing,noun,het botsen,B2,source_candidate_not_curated
nt2-odwn:drugshandel-n-1,drugshandel,noun,handel in drugs,B2,source_candidate_not_curated
nt2-odwn:directie-n-1,directie,noun,bestuur van bedrijf of instelling,B2,source_candidate_not_curated
nt2-odwn:bedienen-v-5,bedienen,verb,"van dienst zijn in een restaurant, café enz.",B2,source_candidate_not_curated
nt2-odwn:verhuren-v-1,verhuren,verb,in huur geven,B2,source_candidate_not_curated
nt2-odwn:duim-n-1,duim,noun,kortste vinger,B2,source_candidate_not_curated
nt2-odwn:eren-v-1,eren,verb,eerbied hebben voor,B2,source_candidate_not_curated
nt2-odwn:database-n-1,database,noun,gestructureerde opslagplaats in computer,B2,source_candidate_not_curated
nt2-odwn:accountant-n-1,accountant,noun,boekhouder,B2,source_candidate_not_curated
nt2-odwn:document-n-3,document,noun,document als bewijsstuk,B2,source_candidate_not_curated
nt2-odwn:vloek-n-1,vloek,noun,spreuk die onheil over iets afroept,B2,source_candidate_not_curated
nt2-odwn:feesten-v-1,feesten,verb,aan een feest deelnemen,B2,source_candidate_not_curated
nt2-odwn:cocktail-n-1,cocktail,noun,mix met alcoholische drank,B2,source_candidate_not_curated
nt2-odwn:vervolgen-v-2,vervolgen,verb,nazetten,B2,source_candidate_not_curated
nt2-odwn:erwtensoep-n-1,erwtensoep,noun,soep van spliterwten,B2,source_candidate_not_curated
nt2-odwn:afwijken-v-2,afwijken,verb,anders zijn,B2,source_candidate_not_curated
nt2-odwn:kinderkamer-n-1,kinderkamer,noun,vertrek speciaal voor kinderen,B2,source_candidate_not_curated
nt2-odwn:werker-n-1,werker,noun,iemand die werkt,B2,source_candidate_not_curated
nt2-odwn:moraal-n-2,moraal,noun,(zeden)les,B2,source_candidate_not_curated
nt2-odwn:motief-n-2,motief,noun,zich herhalende tekening,B2,source_candidate_not_curated
nt2-odwn:zelfvertrouwen-n-1,zelfvertrouwen,noun,"vertrouwen in jezelf, eigen krachten",B2,source_candidate_not_curated
nt2-odwn:vervolgen-v-3,vervolgen,verb,voor de rechter brengen,B2,source_candidate_not_curated
nt2-odwn:publicatie-n-2,publicatie,noun,gepubliceerd werk,B2,source_candidate_not_curated
nt2-odwn:koerier-n-1,koerier,noun,"bezorger van berichten, brieven, pakjes",B2,source_candidate_not_curated
nt2-odwn:dessert-n-1,dessert,noun,toetje,B2,source_candidate_not_curated
nt2-odwn:kruipen-v-3,kruipen,verb,van bepaalde planten,B2,source_candidate_not_curated
nt2-odwn:yang-n-1,yang,noun,beginsel in de Chinese wijsbegeerte,B2,source_candidate_not_curated
nt2-odwn:topper-n-3,topper,noun,iemand die ergens in uitblinkt,B2,source_candidate_not_curated
nt2-odwn:kap-n-2,kap,noun,afsluiting boven op iets,B2,source_candidate_not_curated
nt2-odwn:avondklok-n-1,avondklok,noun,uitgaansverbod voor 's avonds,B2,source_candidate_not_curated
nt2-odwn:spelling-n-2,spelling,noun,systeem v.h. spellen van woorden,B2,source_candidate_not_curated
nt2-odwn:landschap-n-3,landschap,noun,schilderstuk dat een landschap voorstelt,B2,source_candidate_not_curated
nt2-odwn:ij-n-1,ij,noun,lettercombinatie van 'i' en 'j',B2,source_candidate_not_curated
nt2-odwn:gebruiker-n-1,gebruiker,noun,degene die gebruikt of verbruikt,B2,source_candidate_not_curated
nt2-odwn:motivatie-n-1,motivatie,noun,zin om iets te doen,B2,source_candidate_not_curated
nt2-odwn:smijten-v-1,smijten,verb,hard gooien,B2,source_candidate_not_curated
nt2-odwn:nettoresultaat-n-1,nettoresultaat,noun,bedrijfsresultaat zonder onkosten enz.,B2,source_candidate_not_curated
nt2-odwn:schapenbout-n-1,schapenbout,noun,vlees v.e. schapenpoot,B2,source_candidate_not_curated
nt2-odwn:terugtrekken-v-2,terugtrekken,verb,achteruit verplaatsen,B2,source_candidate_not_curated
nt2-odwn:geheel-n-1,geheel,noun,samengesteld iets,B2,source_candidate_not_curated
nt2-odwn:hoofdkantoor-n-1,hoofdkantoor,noun,belangrijkste kantoor v.e. bedrijf,B2,source_candidate_not_curated
nt2-odwn:schokken-v-1,schokken,verb,met schokken bewegen,B2,source_candidate_not_curated
nt2-odwn:begeven-v-2,begeven,verb,gaan naar,B2,source_candidate_not_curated
nt2-odwn:biechten-v-1,biechten,verb,de biecht afleggen,B2,source_candidate_not_curated
nt2-odwn:ondernemend-a-1,ondernemend,adjective,actief,B2,source_candidate_not_curated
nt2-odwn:kleinzoon-n-1,kleinzoon,noun,mannelijk kleinkind,B2,source_candidate_not_curated
nt2-odwn:concluderen-v-1,concluderen,verb,tot een slotsom komen,B2,source_candidate_not_curated
nt2-odwn:grondgebied-n-1,grondgebied,noun,grond onder een bepaald bestuur,B2,source_candidate_not_curated
nt2-odwn:pudding-n-1,pudding,noun,nagerecht van gekookte melk,B2,source_candidate_not_curated
nt2-odwn:proeftijd-n-2,proeftijd,noun,voorwaardelijke veroordeling,B2,source_candidate_not_curated
nt2-odwn:notaris-n-1,notaris,noun,ambtenaar die akten opmaakt,B2,source_candidate_not_curated
nt2-odwn:integratie-n-1,integratie,noun,het samengaan en één worden,B2,source_candidate_not_curated
nt2-odwn:jagen-v-3,jagen,verb,snel of haastig zijn,B2,source_candidate_not_curated
nt2-odwn:spanning-n-2,spanning,noun,fysieke druk door strak zetten of uitzetten,B2,source_candidate_not_curated
nt2-odwn:vensterbank-n-1,vensterbank,noun,horizontale plank onder een raam,B2,source_candidate_not_curated
nt2-odwn:aandeelhouder-n-1,aandeelhouder,noun,bezitter van aandelen,B2,source_candidate_not_curated
nt2-odwn:combineren-v-2,combineren,verb,één geheel vormen,B2,source_candidate_not_curated
nt2-odwn:aanbetaling-n-1,aanbetaling,noun,eerste betaling van aankoop,B2,source_candidate_not_curated
nt2-odwn:schaamte-n-1,schaamte,noun,onbehaaglijk gevoel,B2,source_candidate_not_curated
nt2-odwn:blind-n-1,blind,noun,luik,B2,source_candidate_not_curated
nt2-odwn:bestand-n-3,bestand,noun,file,B2,source_candidate_not_curated
nt2-odwn:missie-n-1,missie,noun,Katholiek zendingsgenootschap,B2,source_candidate_not_curated
nt2-odwn:kreet-n-1,kreet,noun,schreeuw,B2,source_candidate_not_curated
nt2-odwn:aanleg-n-3,aanleg,noun,"zwakte, vatbaarheid voor negatieve dingen zoals ziektes, negatieve erfelijke eigenschap",B2,source_candidate_not_curated
nt2-odwn:sneeuwen-v-1,sneeuwen,verb,vallen van sneeuw,B2,source_candidate_not_curated
nt2-odwn:aktetas-n-1,aktetas,noun,platte tas,B2,source_candidate_not_curated
nt2-odwn:waterval-n-1,waterval,noun,vallend water in een waterloop,B2,source_candidate_not_curated
nt2-odwn:p-n-1,p,noun,letter v.h. alfabet,B2,source_candidate_not_curated
nt2-odwn:makker-n-1,makker,noun,goede vriend,B2,source_candidate_not_curated
nt2-odwn:stemmen-v-2,stemmen,verb,bij verkiezingen,B2,source_candidate_not_curated
nt2-odwn:lei-n-2,lei,noun,plaat van leisteen om op te schrijven,B2,source_candidate_not_curated
nt2-odwn:lood-n-1,lood,noun,"zacht, zwaar metaal",B2,source_candidate_not_curated
nt2-odwn:inhalen-v-1,inhalen,verb,voorbijsnellen,B2,source_candidate_not_curated
nt2-odwn:islamitisch-a-1,islamitisch,adjective,de islam betreffend,B2,source_candidate_not_curated
nt2-odwn:onrust-n-1,onrust,noun,gebrek aan rust,B2,source_candidate_not_curated
nt2-odwn:fase-n-2,fase,noun,schijnbare gestalte v.e. planeet,B2,source_candidate_not_curated
nt2-odwn:droogte-n-1,droogte,noun,regenloze periode,B2,source_candidate_not_curated
nt2-odwn:dateren-v-1,dateren,verb,komen uit de genoemde tijd,B2,source_candidate_not_curated
nt2-odwn:paalwoning-n-1,paalwoning,noun,woning op palen,B2,source_candidate_not_curated
nt2-odwn:ontspannen-v-1,ontspannen,verb,relaxen,B2,source_candidate_not_curated
nt2-odwn:krokodil-n-1,krokodil,noun,groot reptiel,B2,source_candidate_not_curated
nt2-odwn:hersens-n-1,hersens,noun,centrum v.h. zenuwstelsel in de schedel,B2,source_candidate_not_curated
nt2-odwn:ergeren-v-2,ergeren,verb,aanstoot nemen,B2,source_candidate_not_curated
nt2-odwn:vermoeden-n-1,vermoeden,noun,idee,B2,source_candidate_not_curated
nt2-odwn:vaart-n-2,vaart,noun,het varen,B2,source_candidate_not_curated
nt2-odwn:vuilnis-n-1,vuilnis,noun,huisvuil,B2,source_candidate_not_curated
nt2-odwn:luiden-v-1,luiden,verb,geluid van een klok maken,B2,source_candidate_not_curated
nt2-odwn:uitstellen-v-1,uitstellen,verb,opschorten,B2,source_candidate_not_curated
nt2-odwn:benaderen-v-3,benaderen,verb,(een probleem) aanpakken,B2,source_candidate_not_curated
nt2-odwn:scoren-v-1,scoren,verb,een (doel)punt maken,B2,source_candidate_not_curated
nt2-odwn:ontspannen-v-3,ontspannen,verb,minder strak spannen,B2,source_candidate_not_curated
nt2-odwn:sportclub-n-1,sportclub,noun,vereniging ter beoefening v.e. sport,B2,source_candidate_not_curated
nt2-odwn:uitvoerig-a-1,uitvoerig,adjective,alles vermeldend,B2,source_candidate_not_curated
nt2-odwn:reportage-n-1,reportage,noun,verslag v.e. gebeurtenis,B2,source_candidate_not_curated
nt2-odwn:verzoeken-v-1,verzoeken,verb,vragen,B2,source_candidate_not_curated
nt2-odwn:divan-n-1,divan,noun,lage rustbank,B2,source_candidate_not_curated
nt2-odwn:vervloeken-v-1,vervloeken,verb,verdoemen,B2,source_candidate_not_curated
nt2-odwn:achterstand-n-1,achterstand,noun,verschil met voorganger of gemiddelde (zonder waardeoordeel),B2,source_candidate_not_curated
nt2-odwn:aanhanger-n-2,aanhanger,noun,aanhangwagen,B2,source_candidate_not_curated
nt2-odwn:bergen-v-4,bergen,verb,zich in veiligheid brengen,B2,source_candidate_not_curated
nt2-odwn:spijker-n-1,spijker,noun,puntig metalen staafje met kop,B2,source_candidate_not_curated
nt2-odwn:promoten-v-1,promoten,verb,bevorderen,B2,source_candidate_not_curated
nt2-odwn:big-n-1,big,noun,varkensjong,B2,source_candidate_not_curated
nt2-odwn:boekwinkel-n-1,boekwinkel,noun,winkel met boeken,B2,source_candidate_not_curated
nt2-odwn:trip-n-1,trip,noun,plezierreis,B2,source_candidate_not_curated
nt2-odwn:doorlopen-v-4,doorlopen,verb,uitvloeien van kleuren,B2,source_candidate_not_curated
nt2-odwn:afbreken-v-2,afbreken,verb,plotseling stoppen met,B2,source_candidate_not_curated
nt2-odwn:redding-n-1,redding,noun,het redden of gered wordt,B2,source_candidate_not_curated
nt2-odwn:boog-n-1,boog,noun,gebogen deel of lijn,B2,source_candidate_not_curated
nt2-odwn:koesteren-v-1,koesteren,verb,liefderijk verzorgen,B2,source_candidate_not_curated
nt2-odwn:keur-n-1,keur,noun,divers assortiment,B2,source_candidate_not_curated
nt2-odwn:espresso-n-1,espresso,noun,sterke zwarte koffie,B2,source_candidate_not_curated
nt2-odwn:dreigement-n-1,dreigement,noun,bedreiging met woorden,B2,source_candidate_not_curated
nt2-odwn:najaar-n-1,najaar,noun,seizoen tussen zomer en winter,B2,source_candidate_not_curated
nt2-odwn:dikzak-n-1,dikzak,noun,dik persoon,B2,source_candidate_not_curated
nt2-odwn:omhelzing-n-1,omhelzing,noun,het iemand in de armen nemen,B2,source_candidate_not_curated
nt2-odwn:individualisering-n-1,individualisering,noun,het individualiseren,B2,source_candidate_not_curated
nt2-odwn:kerkgenootschap-n-1,kerkgenootschap,noun,groep mensen met hetzelfde geloof,B2,source_candidate_not_curated
nt2-odwn:moslimbevolking-n-1,moslimbevolking,noun,alle aanhangers v.d. islam in een gebied,B2,source_candidate_not_curated
nt2-odwn:opleidingsniveau-n-1,opleidingsniveau,noun,niveau v.d. hoogst genoten opleiding,B2,source_candidate_not_curated
nt2-odwn:stelsel-n-2,stelsel,noun,systeem,B2,source_candidate_not_curated
nt2-odwn:bedelen-v-2,bedelen,verb,aalmoezen vragen,B2,source_candidate_not_curated
nt2-odwn:aflevering-n-2,aflevering,noun,gelegenheid dat iets afgeleverd wordt,B2,source_candidate_not_curated
nt2-odwn:lossen-v-3,lossen,verb,loslaten,B2,source_candidate_not_curated
nt2-odwn:omelet-n-1,omelet,noun,gerecht van geklutste eieren,B2,source_candidate_not_curated
nt2-odwn:plattegrond-n-1,plattegrond,noun,verkleinde afbeelding v.e. stuk land,B2,source_candidate_not_curated
nt2-odwn:oorlogsgebied-n-1,oorlogsgebied,noun,gebied waar oorlog is,B2,source_candidate_not_curated
nt2-odwn:ademhalen-v-1,ademhalen,verb,ademen,B2,source_candidate_not_curated
nt2-odwn:puberteit-n-1,puberteit,noun,periode tussen kind en volwassene,B2,source_candidate_not_curated
nt2-odwn:pils-n-1,pils,noun,licht bier,B2,source_candidate_not_curated
nt2-odwn:miljonair-n-1,miljonair,noun,rijk iemand,B2,source_candidate_not_curated
nt2-odwn:wegwerpverpakking-n-1,wegwerpverpakking,noun,verpakking die je na gebruik weggooit,B2,source_candidate_not_curated
nt2-odwn:lever-n-1,lever,noun,orgaan dat het bloed zuivert,B2,source_candidate_not_curated
nt2-odwn:diarree-n-1,diarree,noun,darmkrampen met dunne ontlasting,B2,source_candidate_not_curated
nt2-odwn:naald-n-1,naald,noun,naaigereedschap,B2,source_candidate_not_curated
nt2-odwn:werkweek-n-1,werkweek,noun,dat deel v.e. week dat je werkt,B2,source_candidate_not_curated
nt2-odwn:krekel-n-1,krekel,noun,bepaald insect,B2,source_candidate_not_curated
nt2-odwn:ontsteking-n-2,ontsteking,noun,onderdeel v.e. verbrandingsmotor,B2,source_candidate_not_curated
nt2-odwn:deugen-v-1,deugen,verb,goed zijn,B2,source_candidate_not_curated
nt2-odwn:uitbuiting-n-1,uitbuiting,noun,het uitbuiten of uitgebuit worden,B2,source_candidate_not_curated
nt2-odwn:vergunning-n-1,vergunning,noun,officiële toestemming,B2,source_candidate_not_curated
nt2-odwn:hittegolf-n-1,hittegolf,noun,periode van extreem warm weer,B2,source_candidate_not_curated
nt2-odwn:verstrekken-v-1,verstrekken,verb,geven,B2,source_candidate_not_curated
nt2-odwn:paleis-n-2,paleis,noun,groots publiek gebouw,B2,source_candidate_not_curated
nt2-odwn:intellectueel-n-1,intellectueel,noun,ontwikkeld persoon,B2,source_candidate_not_curated
nt2-odwn:mentor-n-1,mentor,noun,iemand die leerlingen begeleidt,B2,source_candidate_not_curated
nt2-odwn:afloop-n-1,afloop,noun,einde,B2,source_candidate_not_curated
nt2-odwn:aaien-v-1,aaien,verb,strelen,B2,source_candidate_not_curated
nt2-odwn:afwijken-v-1,afwijken,verb,zich niet houden aan,B2,source_candidate_not_curated
nt2-odwn:roker-n-1,roker,noun,iemand die rookt,B2,source_candidate_not_curated
nt2-odwn:antibioticum-n-1,antibioticum,noun,geneesmiddel,B2,source_candidate_not_curated
nt2-odwn:ram-n-1,ram,noun,mannetjesschaap,B2,source_candidate_not_curated
nt2-odwn:medemens-n-1,medemens,noun,elk ander mens,B2,source_candidate_not_curated
nt2-odwn:kwast-n-2,kwast,noun,samengebonden draden als versiering,B2,source_candidate_not_curated
nt2-odwn:hasj-n-1,hasj,noun,soort softdrug,B2,source_candidate_not_curated
nt2-odwn:wijden-v-1,wijden,verb,plechtig zegenen,B2,source_candidate_not_curated
nt2-odwn:overslaan-v-2,overslaan,verb,een lading overbrengen,B2,source_candidate_not_curated
nt2-odwn:paren-v-2,paren,verb,tot een koppel maken,B2,source_candidate_not_curated
nt2-odwn:mythologie-n-1,mythologie,noun,de verzamelde mythen,B2,source_candidate_not_curated
nt2-odwn:toverdrank-n-1,toverdrank,noun,magische drank,B2,source_candidate_not_curated
nt2-odwn:associëren-v-3,associëren,verb,biologisch verbinden,B2,source_candidate_not_curated
nt2-odwn:hoest-n-1,hoest,noun,schurend keelgeluid,B2,source_candidate_not_curated
nt2-odwn:verwijderen-v-1,verwijderen,verb,afzonderen,B2,source_candidate_not_curated
nt2-odwn:zekerheid-n-3,zekerheid,noun,"vertrouwen in of op zichzelf, het vertrouwen op eigen krachten tegenover zijn taak en mogelijke hinderpalen",B2,source_candidate_not_curated
nt2-odwn:hotelkamer-n-1,hotelkamer,noun,kamer in een hotel,B2,source_candidate_not_curated
nt2-odwn:slaappil-n-1,slaappil,noun,slaapmiddel in pilvorm,B2,source_candidate_not_curated
nt2-odwn:nier-n-1,nier,noun,menselijk orgaan,B2,source_candidate_not_curated
nt2-odwn:verontschuldiging-n-1,verontschuldiging,noun,betuiging van spijt,B2,source_candidate_not_curated
nt2-odwn:belasten-v-3,belasten,verb,met gewicht laden,B2,source_candidate_not_curated
nt2-odwn:verzet-n-1,verzet,noun,handelingen tegen iets of iemand,B2,source_candidate_not_curated
nt2-odwn:huisbaas-n-1,huisbaas,noun,eigenaar v.e. huurhuis,B2,source_candidate_not_curated
nt2-odwn:bedenking-n-1,bedenking,noun,bezwaar,B2,source_candidate_not_curated
nt2-odwn:bestel-n-1,bestel,noun,organisatie,B2,source_candidate_not_curated
nt2-odwn:structuralisme-n-1,structuralisme,noun,bepaalde wetenschappelijke opvatting,B2,source_candidate_not_curated
nt2-odwn:geheugenverlies-n-1,geheugenverlies,noun,verlies v.d. geheugenfuncties,B2,source_candidate_not_curated
nt2-odwn:staatssecretaris-n-1,staatssecretaris,noun,functie van assistent-minister,B2,source_candidate_not_curated
nt2-odwn:ontnemen-v-1,ontnemen,verb,wegpakken,B2,source_candidate_not_curated
nt2-odwn:hoorn-n-2,hoorn,noun,koperen blaasinstrument,B2,source_candidate_not_curated
nt2-odwn:jackpot-n-1,jackpot,noun,hoogst mogelijke prijs bij gokken,B2,source_candidate_not_curated
nt2-odwn:natuuronderzoeker-n-1,natuuronderzoeker,noun,uitvoerder natuuronderzoek,B2,source_candidate_not_curated
nt2-odwn:vrijmarkt-n-1,vrijmarkt,noun,markt waarvoor geen vergunning nodig is,B2,source_candidate_not_curated
nt2-odwn:peulvrucht-n-1,peulvrucht,noun,droge vrucht die indien rijp openspringt,B2,source_candidate_not_curated
nt2-odwn:aanbrengen-v-1,aanbrengen,verb,"iets op, in of aan iets maken",B2,source_candidate_not_curated
nt2-odwn:vervullen-v-2,vervullen,verb,realiseren,B2,source_candidate_not_curated
nt2-odwn:afrekenen-v-1,afrekenen,verb,de rekening betalen,B2,source_candidate_not_curated
nt2-odwn:loge-n-1,loge,noun,bepaalde plaats in de schouwburg,B2,source_candidate_not_curated
nt2-odwn:dal-n-1,dal,noun,laag gebied tussen bergen,B2,source_candidate_not_curated
nt2-odwn:kapen-v-2,kapen,verb,overmeesteren,B2,source_candidate_not_curated
nt2-odwn:zuchten-v-1,zuchten,verb,hoorbaar uitademen,B2,source_candidate_not_curated
nt2-odwn:voeding-n-3,voeding,noun,apparaat voor een elektrisch apparaat,B2,source_candidate_not_curated
nt2-odwn:stunt-n-1,stunt,noun,opvallende daad,B2,source_candidate_not_curated
nt2-odwn:riool-n-1,riool,noun,ondergronds afvoerkanaal,B2,source_candidate_not_curated
nt2-odwn:regent-n-1,regent,noun,waarnemer v.d. vorst,B2,source_candidate_not_curated
nt2-odwn:aanmelding-n-1,aanmelding,noun,het zich opgeven voor iets,B2,source_candidate_not_curated
nt2-odwn:bevinding-n-1,bevinding,noun,waarneming na onderzoek,B2,source_candidate_not_curated
nt2-odwn:microfoon-n-1,microfoon,noun,apparaat dat geluid registreert,B2,source_candidate_not_curated
nt2-odwn:voegen-v-2,voegen,verb,voegen opvullen,B2,source_candidate_not_curated
nt2-odwn:verbouwen-v-2,verbouwen,verb,van gewassen,B2,source_candidate_not_curated
nt2-odwn:indelen-v-2,indelen,verb,deel maken van,B2,source_candidate_not_curated
nt2-odwn:verzorgingsstaat-n-1,verzorgingsstaat,noun,staat die zorgt voor zijn burgers,B2,source_candidate_not_curated
nt2-odwn:dwepen-v-1,dwepen,verb,overdreven bewonderen,B2,source_candidate_not_curated
nt2-odwn:klauw-n-2,klauw,noun,nagel v.e. dierenpoot,B2,source_candidate_not_curated
nt2-odwn:comfort-n-1,comfort,noun,gerieflijkheid,B2,source_candidate_not_curated
nt2-odwn:buitenwereld-n-1,buitenwereld,noun,andere mensen,B2,source_candidate_not_curated
nt2-odwn:diaconie-n-1,diaconie,noun,protestantse kerkelijke organisatie,B2,source_candidate_not_curated
nt2-odwn:filosofie-n-2,filosofie,noun,bepaalde gedachtegang,B2,source_candidate_not_curated
nt2-odwn:rondlopen-v-1,rondlopen,verb,zich ophouden,B2,source_candidate_not_curated
nt2-odwn:optreden-n-2,optreden,noun,handelswijze,B2,source_candidate_not_curated
nt2-odwn:plezierig-a-1,plezierig,adjective,leuk,B2,source_candidate_not_curated
nt2-odwn:opmaken-v-1,opmaken,verb,alles gebruiken,B2,source_candidate_not_curated
nt2-odwn:uitkomen-v-8,uitkomen,verb,zichtbaar zijn,B2,source_candidate_not_curated
nt2-odwn:vergiftigen-v-1,vergiftigen,verb,doden met vergif,B2,source_candidate_not_curated
nt2-odwn:wekker-n-1,wekker,noun,klok met in te stellen alarm,B2,source_candidate_not_curated
nt2-odwn:talkshow-n-1,talkshow,noun,praatprogramma,B2,source_candidate_not_curated
nt2-odwn:opvarende-n-1,opvarende,noun,passagier op een schip,B2,source_candidate_not_curated
nt2-odwn:zekerheid-n-2,zekerheid,noun,veilige toestand,B2,source_candidate_not_curated
nt2-odwn:bezienswaardigheid-n-1,bezienswaardigheid,noun,attractie,B2,source_candidate_not_curated
nt2-odwn:versturen-v-1,versturen,verb,verzenden,B2,source_candidate_not_curated
nt2-odwn:akkoord-n-2,akkoord,noun,samenklank,B2,source_candidate_not_curated
nt2-odwn:bowlen-v-1,bowlen,verb,bowling spelen,B2,source_candidate_not_curated
nt2-odwn:roven-v-1,roven,verb,wegnemen,B2,source_candidate_not_curated
nt2-odwn:roeibank-n-1,roeibank,noun,bank voor de roeier(s) in roeiboot,B2,source_candidate_not_curated
nt2-odwn:zwaard-n-2,zwaard,noun,ovaal schild v.e. schip,B2,source_candidate_not_curated
nt2-odwn:domineren-v-1,domineren,verb,overheersen,B2,source_candidate_not_curated
nt2-odwn:bouw-n-1,bouw,noun,het bouwen,B2,source_candidate_not_curated
nt2-odwn:transport-n-2,transport,noun,overdracht van eigendom of recht,B2,source_candidate_not_curated
nt2-odwn:kledij-n-1,kledij,noun,kleren die je aanhebt,B2,source_candidate_not_curated
nt2-odwn:hartstocht-n-1,hartstocht,noun,grote liefde,B2,source_candidate_not_curated
nt2-odwn:aanwinst-n-1,aanwinst,noun,nieuw eigendom,B2,source_candidate_not_curated
nt2-odwn:schema-n-2,schema,noun,tijdsplanning,B2,source_candidate_not_curated
nt2-odwn:achterkamer-n-1,achterkamer,noun,kamer aan de achterkant,B2,source_candidate_not_curated
nt2-odwn:millennium-n-1,millennium,noun,periode van duizend jaar,B2,source_candidate_not_curated
nt2-odwn:stemmen-v-1,stemmen,verb,in de muziek,B2,source_candidate_not_curated
nt2-odwn:commentaar-n-2,commentaar,noun,kritische opmerkingen,B2,source_candidate_not_curated
nt2-odwn:onaangenaam-a-1,onaangenaam,adjective,naar,B2,source_candidate_not_curated
nt2-odwn:rondleiding-n-1,rondleiding,noun,bezichtiging o.l.v. een gids,B2,source_candidate_not_curated
nt2-odwn:kost-n-3,kost,noun,voedsel,B2,source_candidate_not_curated
nt2-odwn:aanleggen-v-2,aanleggen,verb,tot stand brengen,B2,source_candidate_not_curated
nt2-odwn:signaal-n-2,signaal,noun,een stroom van uitgezonden gegevens,B2,source_candidate_not_curated
nt2-odwn:automobilist-n-1,automobilist,noun,autobestuurder,B2,source_candidate_not_curated
nt2-odwn:plantage-n-1,plantage,noun,voor teelt gebruikte grond in de tropen,B2,source_candidate_not_curated
nt2-odwn:kluizenaar-n-1,kluizenaar,noun,iemand die afgezonderd leeft,B2,source_candidate_not_curated
nt2-odwn:intrekken-v-2,intrekken,verb,gaan wonen bij,B2,source_candidate_not_curated
nt2-odwn:overwinnen-v-1,overwinnen,verb,verslaan,B2,source_candidate_not_curated
nt2-odwn:drinkwater-n-1,drinkwater,noun,water om te drinken,B2,source_candidate_not_curated
nt2-odwn:fonds-n-1,fonds,noun,geld voor een bepaald doel,B2,source_candidate_not_curated
nt2-odwn:suggereren-v-2,suggereren,verb,een idee doen ontstaan,B2,source_candidate_not_curated
nt2-odwn:plak-n-3,plak,noun,aanslag op de tanden,B2,source_candidate_not_curated
nt2-odwn:schema-n-3,schema,noun,plan voor werkwijze,B2,source_candidate_not_curated
nt2-odwn:gerecht-n-2,gerecht,noun,rechtsprekende instantie,B2,source_candidate_not_curated
nt2-odwn:verheugen-v-1,verheugen,verb,blij verwachten,B2,source_candidate_not_curated
nt2-odwn:verwijt-n-1,verwijt,noun,uiting v.h. iemand iets kwalijk nemen,B2,source_candidate_not_curated
nt2-odwn:constante-n-1,constante,noun,onveranderlijk gegeven,B2,source_candidate_not_curated
nt2-odwn:behoren-v-2,behoren,verb,zijn zoals het hoort,B2,source_candidate_not_curated
nt2-odwn:opzetten-v-5,opzetten,verb,ophitsen,B2,source_candidate_not_curated
nt2-odwn:getalenteerd-a-1,getalenteerd,adjective,talent hebbend,B2,source_candidate_not_curated
nt2-odwn:karwei-n-1,karwei,noun,stuk werk,B2,source_candidate_not_curated
nt2-odwn:pension-n-4,pension,noun,dierenpension,B2,source_candidate_not_curated
nt2-odwn:most-n-1,most,noun,vruchtensap,B2,source_candidate_not_curated
nt2-odwn:opvolgen-v-2,opvolgen,verb,naleven,B2,source_candidate_not_curated
nt2-odwn:instelling-n-3,instelling,noun,houding tegenover bepaalde zaken,B2,source_candidate_not_curated
nt2-odwn:sporen-v-1,sporen,verb,mbt. de trein,B2,source_candidate_not_curated
nt2-odwn:hullen-v-1,hullen,verb,omhullen met,B2,source_candidate_not_curated
nt2-odwn:diligence-n-1,diligence,noun,wagen voor post- en personenvervoer,B2,source_candidate_not_curated
nt2-odwn:vegetariër-n-1,vegetariër,noun,iemand die geen vlees eet,B2,source_candidate_not_curated
nt2-odwn:dwalen-v-1,dwalen,verb,dolen,B2,source_candidate_not_curated
nt2-odwn:politieman-n-1,politieman,noun,iemand die bij de politie werkt,B2,source_candidate_not_curated
nt2-odwn:korset-n-1,korset,noun,strak damesondergoed om het bovenlijf,B2,source_candidate_not_curated
nt2-odwn:rondkijken-v-2,rondkijken,verb,uitkijken naar,B2,source_candidate_not_curated
nt2-odwn:geleerde-n-1,geleerde,noun,iemand met veel specifieke kennis,B2,source_candidate_not_curated
nt2-odwn:optocht-n-1,optocht,noun,stoet mensen of voertuigen,B2,source_candidate_not_curated
nt2-odwn:vernieuwen-v-1,vernieuwen,verb,hernieuwen,B2,source_candidate_not_curated
nt2-odwn:aanlopen-v-1,aanlopen,verb,lopen in een richting,B2,source_candidate_not_curated
nt2-odwn:voorsprong-n-1,voorsprong,noun,situatie dat men verder is dan een ander,B2,source_candidate_not_curated
nt2-odwn:aanraden-v-1,aanraden,verb,een positief advies geven,B2,source_candidate_not_curated
nt2-odwn:keren-v-5,keren,verb,zich wenden,B2,source_candidate_not_curated
nt2-odwn:stadsgracht-n-1,stadsgracht,noun,gracht om/in een stad,B2,source_candidate_not_curated
nt2-odwn:creditcard-n-1,creditcard,noun,kredietpas,B2,source_candidate_not_curated
nt2-odwn:verontrusten-v-1,verontrusten,verb,ongerust maken,B2,source_candidate_not_curated
nt2-odwn:autochtoon-n-1,autochtoon,noun,oorspronkelijke bewoner,B2,source_candidate_not_curated
nt2-odwn:wijs-n-1,wijs,noun,melodie,B2,source_candidate_not_curated
nt2-odwn:leefomstandigheid-n-1,leefomstandigheid,noun,toestand van leven,B2,source_candidate_not_curated
nt2-odwn:voordoen-v-3,voordoen,verb,gebeuren,B2,source_candidate_not_curated
nt2-odwn:vermogen-n-1,vermogen,noun,rijkdom in geld en bezit,B2,source_candidate_not_curated
nt2-odwn:vakantiedag-n-1,vakantiedag,noun,dag waarop je vakantie hebt,B2,source_candidate_not_curated
nt2-odwn:schermen-v-2,schermen,verb,proberen te dreigen,B2,source_candidate_not_curated
nt2-odwn:comité-n-1,comité,noun,groep met een bepaalde taak,B2,source_candidate_not_curated
nt2-odwn:opvang-n-1,opvang,noun,hulp aan mensen in moeilijkheden,B2,source_candidate_not_curated
nt2-odwn:woon-werkverkeer-n-1,woon-werkverkeer,noun,verkeer tussen huis en werk,B2,source_candidate_not_curated
nt2-odwn:halfjaar-n-1,halfjaar,noun,zes maanden,B2,source_candidate_not_curated
nt2-odwn:beugel-n-2,beugel,noun,apparaat voor gebitscorrectie,B2,source_candidate_not_curated
nt2-odwn:elftal-n-1,elftal,noun,ploeg van elf spelers,B2,source_candidate_not_curated
nt2-odwn:scheldwoord-n-1,scheldwoord,noun,beledigend woord,B2,source_candidate_not_curated
nt2-odwn:gokverslaafde-n-1,gokverslaafde,noun,iemand die verslaafd is aan gokken,B2,source_candidate_not_curated
nt2-odwn:mascotte-n-1,mascotte,noun,talisman,B2,source_candidate_not_curated
nt2-odwn:schijf-n-1,schijf,noun,"plat, rond voorwerp",B2,source_candidate_not_curated
nt2-odwn:illustratie-n-1,illustratie,noun,plaatje in een boek,B2,source_candidate_not_curated
nt2-odwn:lof-n-2,lof,noun,"witte, bittersmakende groente",B2,source_candidate_not_curated
nt2-odwn:identificeren-v-1,identificeren,verb,de identiteit vaststellen,B2,source_candidate_not_curated
nt2-odwn:schrappen-v-2,schrappen,verb,doorhalen,B2,source_candidate_not_curated
nt2-odwn:haal-n-5,haal,noun,"trek aan een sigaar, pijp of sigaret",B2,source_candidate_not_curated
nt2-odwn:intrekken-v-1,intrekken,verb,herroepen,B2,source_candidate_not_curated
nt2-odwn:aandringen-v-1,aandringen,verb,met nadruk vragen,B2,source_candidate_not_curated
nt2-odwn:scheuren-v-2,scheuren,verb,stuktrekken,B2,source_candidate_not_curated
nt2-odwn:kanker-n-1,kanker,noun,ziekte met als kenmerk gezwellen,B2,source_candidate_not_curated
nt2-odwn:moedertaal-n-1,moedertaal,noun,je eerst geleerde taal,B2,source_candidate_not_curated
nt2-odwn:zuurstof-n-1,zuurstof,noun,bepaald chemisch element (O),B2,source_candidate_not_curated
nt2-odwn:spits-n-2,spits,noun,periode met druk verkeer,B2,source_candidate_not_curated
nt2-odwn:betrekking-n-1,betrekking,noun,werk,B2,source_candidate_not_curated
nt2-odwn:bovenhuis-n-1,bovenhuis,noun,woning op bovenverdieping,B2,source_candidate_not_curated
nt2-odwn:inhoud-n-2,inhoud,noun,dat wat ergens inzit,B2,source_candidate_not_curated
nt2-odwn:berekening-n-1,berekening,noun,calculatie,B2,source_candidate_not_curated
nt2-odwn:berekening-n-5,berekening,noun,eigenbelang,B2,source_candidate_not_curated
nt2-odwn:stroming-n-2,stroming,noun,denkwijze binnen een groep,B2,source_candidate_not_curated
nt2-odwn:pleit-n-1,pleit,noun,geschil/pleidooi,B2,source_candidate_not_curated
nt2-odwn:fatsoen-n-1,fatsoen,noun,goede manieren,B2,source_candidate_not_curated
nt2-odwn:ogen-v-1,ogen,verb,eruitzien,B2,source_candidate_not_curated
nt2-odwn:keren-v-7,keren,verb,anders worden,B2,source_candidate_not_curated
nt2-odwn:onderdak-n-1,onderdak,noun,plaats waar je kunt verblijven,B2,source_candidate_not_curated
nt2-odwn:omschrijven-v-1,omschrijven,verb,nauwkeurig bepalen,B2,source_candidate_not_curated
nt2-odwn:kooi-n-3,kooi,noun,"ruimte waardoor of waarin bij sommige balspelen de bal gegooid, geschopt enz. moet worden",B2,source_candidate_not_curated
nt2-odwn:natuurramp-n-1,natuurramp,noun,ramp door natuurkrachten,B2,source_candidate_not_curated
nt2-odwn:begaan-v-2,begaan,verb,kwalijks bedrijven,B2,source_candidate_not_curated
nt2-odwn:voetstap-n-2,voetstap,noun,geluid van stappende voet,B2,source_candidate_not_curated
nt2-odwn:kunstacademie-n-1,kunstacademie,noun,hogere opleiding ogv. beeldende kunst,B2,source_candidate_not_curated
nt2-odwn:toren-n-2,toren,noun,bepaald schaakstuk,B2,source_candidate_not_curated
nt2-odwn:design-n-1,design,noun,ontwerp van (industriële) producten,B2,source_candidate_not_curated
nt2-odwn:commentaar-n-1,commentaar,noun,verklarende toelichting,B2,source_candidate_not_curated
nt2-odwn:minderheidsregering-n-1,minderheidsregering,noun,regering met steun v.e. minderheid,B2,source_candidate_not_curated
nt2-odwn:benadrukken-v-1,benadrukken,verb,beklemtonen,B2,source_candidate_not_curated
nt2-odwn:sekte-n-1,sekte,noun,levensbeschouwelijke groepering,B2,source_candidate_not_curated
nt2-odwn:terugtrekken-v-1,terugtrekken,verb,je verwijderen,B2,source_candidate_not_curated
nt2-odwn:broedervolk-n-1,broedervolk,noun,verwant volk,B2,source_candidate_not_curated
nt2-odwn:criticaster-n-1,criticaster,noun,iemand die vaak kritiek heeft,B2,source_candidate_not_curated
nt2-odwn:cultuurtaal-n-1,cultuurtaal,noun,standaardtaal,B2,source_candidate_not_curated
nt2-odwn:flamingant-n-1,flamingant,noun,aanhanger v.d. Vlaamse Beweging,B2,source_candidate_not_curated
nt2-odwn:spellingsregel-n-1,spellingsregel,noun,regel voor juiste spelling,B2,source_candidate_not_curated
nt2-odwn:taalgemeenschap-n-1,taalgemeenschap,noun,alle personen met dezelfde taal,B2,source_candidate_not_curated
nt2-odwn:taalrubriek-n-1,taalrubriek,noun,rubriek over taalkwesties,B2,source_candidate_not_curated
nt2-odwn:taalstrijd-n-1,taalstrijd,noun,strijd tussen taalgebieden,B2,source_candidate_not_curated
nt2-odwn:omkomen-v-1,omkomen,verb,doodgaan,B2,source_candidate_not_curated
nt2-odwn:vakgebied-n-1,vakgebied,noun,alles wat bij een vak of functie hoort,B2,source_candidate_not_curated
nt2-odwn:trek-n-3,trek,noun,kenmerkende gelaatslijn,B2,source_candidate_not_curated
nt2-odwn:spoorweg-n-1,spoorweg,noun,weg van rails voor treinen,B2,source_candidate_not_curated
nt2-odwn:drama-n-2,drama,noun,droevige gebeurtenis,B2,source_candidate_not_curated
nt2-odwn:liefdadigheid-n-1,liefdadigheid,noun,belangenloze hulp,B2,source_candidate_not_curated
nt2-odwn:verwijderen-v-2,verwijderen,verb,weghalen,B2,source_candidate_not_curated
nt2-odwn:kick-n-1,kick,noun,prettig gevoel,B2,source_candidate_not_curated
nt2-odwn:stampen-v-3,stampen,verb,van buiten leren,B2,source_candidate_not_curated
nt2-odwn:overblijfsel-n-1,overblijfsel,noun,dat wat over is na gebruik of tijd,B2,source_candidate_not_curated
nt2-odwn:denker-n-1,denker,noun,wijsgeer,B2,source_candidate_not_curated
nt2-odwn:kappen-v-2,kappen,verb,een kapsel verzorgen,B2,source_candidate_not_curated
nt2-odwn:eendenkooi-n-1,eendenkooi,noun,terrein voor het vangen van eenden,B2,source_candidate_not_curated
nt2-odwn:stropdas-n-1,stropdas,noun,das om de nek die voor de borst hangt,B2,source_candidate_not_curated
nt2-odwn:uitvinder-n-1,uitvinder,noun,iemand die nieuwe dingen bedenkt,B2,source_candidate_not_curated
nt2-odwn:inhalen-v-2,inhalen,verb,een verzuim goedmaken,B2,source_candidate_not_curated
nt2-odwn:wenken-v-1,wenken,verb,een wenk geven,B2,source_candidate_not_curated
nt2-odwn:schets-n-3,schets,noun,"korte samenvatting, overzicht",B2,source_candidate_not_curated
nt2-odwn:tompouce-n-1,tompouce,noun,kleine damesparaplu,B2,source_candidate_not_curated
nt2-odwn:trek-n-5,trek,noun,het trekken van vogels,B2,source_candidate_not_curated
nt2-odwn:aanbidder-n-1,aanbidder,noun,iemand die iets of iemand vereert,B2,source_candidate_not_curated
nt2-odwn:slinger-n-1,slinger,noun,vrolijke versiering,B2,source_candidate_not_curated
nt2-odwn:beslag-n-3,beslag,noun,het in bezit of gebruik nemen,B2,source_candidate_not_curated
nt2-odwn:roos-n-4,roos,noun,plant van het geslacht Rosa,B2,source_candidate_not_curated
nt2-odwn:omkeren-v-1,omkeren,verb,andersom zetten,B2,source_candidate_not_curated
nt2-odwn:slingeren-v-3,slingeren,verb,slordig liggen,B2,source_candidate_not_curated
nt2-odwn:treuren-v-1,treuren,verb,treurig zijn,B2,source_candidate_not_curated
nt2-odwn:bedienen-v-1,bedienen,verb,van dienst zijn,B2,source_candidate_not_curated
nt2-odwn:uitkleden-v-1,uitkleden,verb,kleren uittrekken,B2,source_candidate_not_curated
nt2-odwn:verrekken-v-2,verrekken,verb,creperen,B2,source_candidate_not_curated
nt2-odwn:objectief-n-1,objectief,noun,lens,B2,source_candidate_not_curated
nt2-odwn:hooiberg-n-1,hooiberg,noun,stellage waarin hooi bewaard wordt,B2,source_candidate_not_curated
nt2-odwn:aantrekkingskracht-n-2,aantrekkingskracht,noun,verlokking,B2,source_candidate_not_curated
nt2-odwn:stemming-n-1,stemming,noun,gemoedstoestand,B2,source_candidate_not_curated
nt2-odwn:uitzien-v-2,uitzien,verb,gaan zoeken,B2,source_candidate_not_curated
nt2-odwn:puin-n-1,puin,noun,verbrokkelde stenen,B2,source_candidate_not_curated
nt2-odwn:inlichting-n-2,inlichting,noun,dienst die informatie aan het publiek verstrekt,B2,source_candidate_not_curated
nt2-odwn:voeden-v-4,voeden,verb,aanwakkeren,B2,source_candidate_not_curated
nt2-odwn:bezighouden-v-2,bezighouden,verb,zich afgeven met,B2,source_candidate_not_curated
nt2-odwn:voorschrift-n-1,voorschrift,noun,iets dat wordt opgedragen,B2,source_candidate_not_curated
nt2-odwn:limiet-n-1,limiet,noun,grens,B2,source_candidate_not_curated
nt2-odwn:t-n-1,t,noun,letter v.h. alfabet,B2,source_candidate_not_curated
nt2-odwn:gezelschap-n-1,gezelschap,noun,het samenzijn met anderen,B2,source_candidate_not_curated
nt2-odwn:rinkelen-v-1,rinkelen,verb,een helder geluid maken,B2,source_candidate_not_curated
nt2-odwn:verlenen-v-1,verlenen,verb,geven,B2,source_candidate_not_curated
nt2-odwn:rillen-v-1,rillen,verb,trillen,B2,source_candidate_not_curated
nt2-odwn:schommel-n-2,schommel,noun,dikke vrouw,B2,source_candidate_not_curated
nt2-odwn:dromer-n-2,dromer,noun,bepaald type dijk,B2,source_candidate_not_curated
nt2-odwn:crisis-n-1,crisis,noun,kritieke situatie,B2,source_candidate_not_curated
nt2-odwn:gymp-n-1,gymp,noun,sportschoen,B2,source_candidate_not_curated
nt2-odwn:beschuit-n-1,beschuit,noun,tarwebaksel,B2,source_candidate_not_curated
nt2-odwn:stommeling-n-1,stommeling,noun,stom iemand,B2,source_candidate_not_curated
nt2-odwn:pakket-n-1,pakket,noun,pak per post,B2,source_candidate_not_curated
nt2-odwn:score-n-1,score,noun,behaalde punten in sport en spel,B2,source_candidate_not_curated
nt2-odwn:verbeelding-n-4,verbeelding,noun,hersenschim,B2,source_candidate_not_curated
nt2-odwn:zuchten-v-3,zuchten,verb,een zacht klagend geluid maken,B2,source_candidate_not_curated
nt2-odwn:vlammen-v-2,vlammen,verb,strijdlustig bezig zijn,B2,source_candidate_not_curated
nt2-odwn:doek-n-5,doek,noun,"in theater, voor het podium",B2,source_candidate_not_curated
nt2-odwn:westkust-n-1,westkust,noun,westelijke kust,B2,source_candidate_not_curated
nt2-odwn:oostkust-n-1,oostkust,noun,kust aan de oostkant,B2,source_candidate_not_curated
nt2-odwn:slepen-v-2,slepen,verb,voortbewogen worden,B2,source_candidate_not_curated
nt2-odwn:kamerjas-n-1,kamerjas,noun,soort jas voor binnenshuis,B2,source_candidate_not_curated
nt2-odwn:helper-n-1,helper,noun,iets of iemand die helpt,B2,source_candidate_not_curated
nt2-odwn:knikken-v-4,knikken,verb,van planten: een knik vertonen,B2,source_candidate_not_curated
nt2-odwn:grijnzen-v-1,grijnzen,verb,grijnslachen,B2,source_candidate_not_curated
nt2-odwn:zagen-v-1,zagen,verb,met een zaag snijden,B2,source_candidate_not_curated
nt2-odwn:vervanger-n-1,vervanger,noun,iemand die een ander vervangt,B2,source_candidate_not_curated
nt2-odwn:staatshoofd-n-1,staatshoofd,noun,hoogste gezaghebber v.e. staat,B2,source_candidate_not_curated
nt2-odwn:brullen-v-1,brullen,verb,luid roepen,B2,source_candidate_not_curated
nt2-odwn:doornemen-v-1,doornemen,verb,bekijken,B2,source_candidate_not_curated
nt2-odwn:deltawerk-n-1,deltawerk,noun,werkzaamheden aan het deltaplan,B2,source_candidate_not_curated
nt2-odwn:stadsgezicht-n-1,stadsgezicht,noun,gezicht op een stad,B2,source_candidate_not_curated
nt2-odwn:snuiven-v-3,snuiven,verb,aandachtig beruiken,B2,source_candidate_not_curated
nt2-odwn:verhalen-v-2,verhalen,verb,terugvorderen,B2,source_candidate_not_curated
nt2-odwn:kruk-n-3,kruk,noun,handvat o.a. aan deuren,B2,source_candidate_not_curated
nt2-odwn:bloedneus-n-1,bloedneus,noun,bloedende neus,B2,source_candidate_not_curated
nt2-odwn:ondersteunen-v-2,ondersteunen,verb,met steun van dienst zijn,B2,source_candidate_not_curated
nt2-odwn:definiëren-v-1,definiëren,verb,zuiver omschrijven,B2,source_candidate_not_curated
nt2-odwn:sleutelwoord-n-1,sleutelwoord,noun,woord dat in deze context belangrijk is,B2,source_candidate_not_curated
nt2-odwn:opgeven-v-4,opgeven,verb,aanmelden,B2,source_candidate_not_curated
nt2-odwn:islam-n-1,islam,noun,bepaalde godsdienst,B2,source_candidate_not_curated
nt2-odwn:verschijning-n-1,verschijning,noun,het verschijnen,B2,source_candidate_not_curated
nt2-odwn:wezen-n-2,wezen,noun,belangrijkste kenmerk,B2,source_candidate_not_curated
nt2-odwn:secretaris-n-1,secretaris,noun,bestuurslid die de administratie doet,B2,source_candidate_not_curated
nt2-odwn:kenteken-n-2,kenteken,noun,registratienummer v.e. auto,B2,source_candidate_not_curated
nt2-odwn:afstammeling-n-1,afstammeling,noun,mens als nazaat v.e. ander,B2,source_candidate_not_curated
nt2-odwn:stijl-n-4,stijl,noun,kenmerkende vormen van een bepaalde school of richting of voor een bepaald kunstenaar of tijdperk,B2,source_candidate_not_curated
nt2-odwn:hijgen-v-1,hijgen,verb,snel en luid ademhalen,B2,source_candidate_not_curated
nt2-odwn:pompen-v-1,pompen,verb,met een pomp overbrengen,B2,source_candidate_not_curated
nt2-odwn:samenvatten-v-1,samenvatten,verb,kort weergeven,B2,source_candidate_not_curated
nt2-odwn:incontinent-a-1,incontinent,adjective,urine of ontlasting verliezende,B2,source_candidate_not_curated
nt2-odwn:arbeidsmarkt-n-1,arbeidsmarkt,noun,vraag en aanbod t.a.v. banen,B2,source_candidate_not_curated
nt2-odwn:wandel-n-1,wandel,noun,het wandelen,B2,source_candidate_not_curated
nt2-odwn:pijp-n-2,pijp,noun,deel v.e. broek dat om het been gaat,B2,source_candidate_not_curated
nt2-odwn:effect-n-3,effect,noun,aandeel of obligatie,B2,source_candidate_not_curated
nt2-odwn:dek-n-1,dek,noun,laag over iets heen,B2,source_candidate_not_curated
nt2-odwn:uitvoering-n-3,uitvoering,noun,keer dat iets wordt uitgevoerd,B2,source_candidate_not_curated
nt2-odwn:jammeren-v-1,jammeren,verb,klagen,B2,source_candidate_not_curated
nt2-odwn:zicht-n-5,zicht,noun,korte zeis,B2,source_candidate_not_curated
nt2-odwn:omkopen-v-1,omkopen,verb,met geschenken vermurwen,B2,source_candidate_not_curated
nt2-odwn:productie-n-2,productie,noun,het gemaakte,B2,source_candidate_not_curated
nt2-odwn:vorst-n-2,vorst,noun,weer met temperatuur onder nul,B2,source_candidate_not_curated
nt2-odwn:uitvoering-n-1,uitvoering,noun,het realiseren van iets,B2,source_candidate_not_curated
nt2-odwn:echo-n-2,echo,noun,echografie,B2,source_candidate_not_curated
nt2-odwn:glimmen-v-1,glimmen,verb,glanzen,B2,source_candidate_not_curated
nt2-odwn:affiche-n-1,affiche,noun,groot vel papier voor aankondigingen,B2,source_candidate_not_curated
nt2-odwn:autoriteit-n-2,autoriteit,noun,gezaghebber,B2,source_candidate_not_curated
nt2-odwn:begeleiden-v-1,begeleiden,verb,"meegaan, vergezellen",B2,source_candidate_not_curated
nt2-odwn:efficiëntie-n-1,efficiëntie,noun,mate waarin iets doelmatig is,B2,source_candidate_not_curated
nt2-odwn:veganisme-n-1,veganisme,noun,"het niet eten van vlees, vis en zuivel",B2,source_candidate_not_curated
nt2-odwn:handbereik-n-1,handbereik,noun,wat met de hand te bereiken is,B2,source_candidate_not_curated
nt2-odwn:dankwoord-n-1,dankwoord,noun,dankbetuiging,B2,source_candidate_not_curated
nt2-odwn:hippie-n-1,hippie,noun,alternatieve jongere in de jaren 60-70,B2,source_candidate_not_curated
nt2-odwn:beheersen-v-1,beheersen,verb,zich inhouden,B2,source_candidate_not_curated
nt2-odwn:verkeersongeval-n-1,verkeersongeval,noun,ongeluk in het wegverkeer,B2,source_candidate_not_curated
nt2-odwn:monitor-n-1,monitor,noun,beeldscherm,B2,source_candidate_not_curated
nt2-odwn:verliefdheid-n-1,verliefdheid,noun,het verliefd zijn,B2,source_candidate_not_curated
nt2-odwn:geheugen-n-1,geheugen,noun,vermogen om te herinneren,B2,source_candidate_not_curated
nt2-odwn:rustplaats-n-1,rustplaats,noun,plaats waar men uitrust,B2,source_candidate_not_curated
nt2-odwn:roofdier-n-1,roofdier,noun,dier dat leeft van prooi,B2,source_candidate_not_curated
nt2-odwn:onderzoeksresultaat-n-1,onderzoeksresultaat,noun,uitkomst v.e. onderzoek,B2,source_candidate_not_curated
nt2-odwn:zucht-n-5,zucht,noun,eerste melk bij een zoogdier,B2,source_candidate_not_curated
nt2-odwn:patroon-n-4,patroon,noun,kogel met huls en lading,B2,source_candidate_not_curated
nt2-odwn:magistratuur-n-1,magistratuur,noun,waardigheid v.e. rechterlijk ambtenaar,B2,source_candidate_not_curated
nt2-odwn:vestiging-n-1,vestiging,noun,pand waarin een winkel of bedrijf zit,B2,source_candidate_not_curated
nt2-odwn:pennen-v-1,pennen,verb,naarstig schrijven,B2,source_candidate_not_curated
nt2-odwn:gezag-n-3,gezag,noun,geestelijk overwicht,B2,source_candidate_not_curated
nt2-odwn:vervullen-v-4,vervullen,verb,helemaal vullen,B2,source_candidate_not_curated
nt2-odwn:aanvang-n-1,aanvang,noun,start,B2,source_candidate_not_curated
nt2-odwn:ruiter-n-1,ruiter,noun,paardrijder,B2,source_candidate_not_curated
nt2-odwn:instrument-n-3,instrument,noun,hulpmiddel,B2,source_candidate_not_curated
nt2-odwn:gier-n-1,gier,noun,bepaalde roofvogel,B2,source_candidate_not_curated
nt2-odwn:voornemen-v-1,voornemen,verb,zich ten doel stellen,B2,source_candidate_not_curated
nt2-odwn:zeehond-n-1,zeehond,noun,in zee levend zoogdier,B2,source_candidate_not_curated
nt2-odwn:gemeentehuis-n-1,gemeentehuis,noun,gebouw waarin het gemeentebestuur zit,B2,source_candidate_not_curated
nt2-odwn:vloeien-v-2,vloeien,verb,uit- of wegstromen,B2,source_candidate_not_curated
nt2-odwn:kookboek-n-1,kookboek,noun,boek met recepten,B2,source_candidate_not_curated
nt2-odwn:werkgroep-n-1,werkgroep,noun,groep die aan iets werkt,B2,source_candidate_not_curated
nt2-odwn:slappeling-n-1,slappeling,noun,slap iemand,B2,source_candidate_not_curated
nt2-odwn:ondertitelen-v-1,ondertitelen,verb,mbt. film of televisie,B2,source_candidate_not_curated
nt2-odwn:voorbestemmen-v-1,voorbestemmen,verb,voorbeschikken,B2,source_candidate_not_curated
nt2-odwn:dalen-v-1,dalen,verb,naar beneden gaan,B2,source_candidate_not_curated
nt2-odwn:condoom-n-1,condoom,noun,bepaald voorbehoedsmiddel,B2,source_candidate_not_curated
nt2-odwn:donderen-v-2,donderen,verb,hard vallen,B2,source_candidate_not_curated
nt2-odwn:flauwvallen-v-1,flauwvallen,verb,in onmacht vallen,B2,source_candidate_not_curated
nt2-odwn:stofzuiger-n-1,stofzuiger,noun,apparaat om stof te verwijderen,B2,source_candidate_not_curated
nt2-odwn:ongevaarlijk-a-1,ongevaarlijk,adjective,niet gevaarlijk,B2,source_candidate_not_curated
nt2-odwn:slee-n-1,slee,noun,voertuig op ribben voor in de sneeuw,B2,source_candidate_not_curated
nt2-odwn:uitkomen-v-5,uitkomen,verb,genoeg hebben,B2,source_candidate_not_curated
nt2-odwn:zuiveren-v-1,zuiveren,verb,zuiver maken; vrij maken van verontreiniging,B2,source_candidate_not_curated
nt2-odwn:elite-n-1,elite,noun,groep bevoorrechte personen,B2,source_candidate_not_curated
nt2-odwn:bezorgdheid-n-1,bezorgdheid,noun,ongerustheid,B2,source_candidate_not_curated
nt2-odwn:walgen-v-1,walgen,verb,afkeer voelen,B2,source_candidate_not_curated
nt2-odwn:kier-n-1,kier,noun,"lange, smalle opening",B2,source_candidate_not_curated
nt2-odwn:moorden-v-1,moorden,verb,opzettelijk mensen doden,B2,source_candidate_not_curated
nt2-odwn:keren-v-1,keren,verb,in tegengestelde richting gaan,B2,source_candidate_not_curated
nt2-odwn:belevenis-n-1,belevenis,noun,ervaring,B2,source_candidate_not_curated
nt2-odwn:prooi-n-1,prooi,noun,nagejaagd dier,B2,source_candidate_not_curated
nt2-odwn:huishouden-n-2,huishouden,noun,gezin en gezinsleven,B2,source_candidate_not_curated
nt2-odwn:ontlading-n-1,ontlading,noun,het bevrijden van elektrische spanning,B2,source_candidate_not_curated
nt2-odwn:verkrachter-n-1,verkrachter,noun,iemand die een ander aanrandt,B2,source_candidate_not_curated
nt2-odwn:gemeenteraad-n-1,gemeenteraad,noun,bestuursraad v.e. gemeente,B2,source_candidate_not_curated
nt2-odwn:overtreden-v-1,overtreden,verb,schenden,B2,source_candidate_not_curated
nt2-odwn:instructie-n-2,instructie,noun,opdracht die iemand moet uitvoeren,B2,source_candidate_not_curated
nt2-odwn:aanvoerder-n-1,aanvoerder,noun,iemand die mensen aanstuurt,B2,source_candidate_not_curated
nt2-odwn:bemanningslid-n-1,bemanningslid,noun,lid van bemanning,B2,source_candidate_not_curated
nt2-odwn:schoolvriend-n-1,schoolvriend,noun,iemand die men van school kent,B2,source_candidate_not_curated
nt2-odwn:boeken-v-2,boeken,verb,bespreken,B2,source_candidate_not_curated
nt2-odwn:pijnstiller-n-1,pijnstiller,noun,pijnverdovend medicijn,B2,source_candidate_not_curated
nt2-odwn:wijsheid-n-1,wijsheid,noun,"het wijs zijn, kennis",B2,source_candidate_not_curated
nt2-odwn:eis-n-1,eis,noun,voorwaarde voor tevredenheid,B2,source_candidate_not_curated
nt2-odwn:overstappen-v-3,overstappen,verb,elders gaan werken,B2,source_candidate_not_curated
nt2-odwn:lijfwacht-n-1,lijfwacht,noun,iemand die een ander beschermt,B2,source_candidate_not_curated
nt2-odwn:brommen-v-5,brommen,verb,een dof geluid geven,B2,source_candidate_not_curated
nt2-odwn:arriveren-v-1,arriveren,verb,aankomen,B2,source_candidate_not_curated
nt2-odwn:huishoudster-n-1,huishoudster,noun,vrouw die het huishouden doet,B2,source_candidate_not_curated
nt2-odwn:noordwesterstorm-n-1,noordwesterstorm,noun,storm uit noordwesten,B2,source_candidate_not_curated
nt2-odwn:omzwerving-n-1,omzwerving,noun,tocht met omweg,B2,source_candidate_not_curated
nt2-odwn:watersnoodramp-n-1,watersnoodramp,noun,ramp door watersnood,B2,source_candidate_not_curated
nt2-odwn:toernooi-n-1,toernooi,noun,sportcompetitie,B2,source_candidate_not_curated
nt2-odwn:toernooi-n-2,toernooi,noun,middeleeuws steekspel,B2,source_candidate_not_curated
nt2-odwn:uitbrengen-v-2,uitbrengen,verb,uitgeven,B2,source_candidate_not_curated
nt2-odwn:elleboog-n-1,elleboog,noun,gewricht in de arm,B2,source_candidate_not_curated
nt2-odwn:nest-n-4,nest,noun,bed,B2,source_candidate_not_curated
nt2-odwn:aantasten-v-1,aantasten,verb,nadelig op iets/iemand inwerken,B2,source_candidate_not_curated
nt2-odwn:tijdverlies-n-1,tijdverlies,noun,het tijd verloren laten gaan,B2,source_candidate_not_curated
nt2-odwn:herstellen-v-1,herstellen,verb,beter worden,B2,source_candidate_not_curated
nt2-odwn:kandidaat-n-2,kandidaat,noun,iemand die examen doet,B2,source_candidate_not_curated
nt2-odwn:bajonet-n-1,bajonet,noun,geweerdolk,B2,source_candidate_not_curated
nt2-odwn:ondertitel-n-1,ondertitel,noun,subtitel,B2,source_candidate_not_curated
nt2-odwn:atlas-n-1,atlas,noun,boek met kaarten,B2,source_candidate_not_curated
nt2-odwn:lippenstift-n-1,lippenstift,noun,kleurstof voor op de lippen,B2,source_candidate_not_curated
nt2-odwn:stumper-n-1,stumper,noun,stakker,B2,source_candidate_not_curated
nt2-odwn:typen-v-1,typen,verb,op toetsenboord tikken,B2,source_candidate_not_curated
nt2-odwn:thuisbrengen-v-1,thuisbrengen,verb,thuis afzetten,B2,source_candidate_not_curated
nt2-odwn:weiden-v-2,weiden,verb,laten grazen,B2,source_candidate_not_curated
nt2-odwn:oppervlakte-n-2,oppervlakte,noun,afmeting in vierkante meters,B2,source_candidate_not_curated
nt2-odwn:uitlenen-v-1,uitlenen,verb,aan iemand lenen,B2,source_candidate_not_curated
nt2-odwn:levensverzekering-n-1,levensverzekering,noun,verzekering die uitkeert bij overlijden,B2,source_candidate_not_curated
nt2-odwn:haasten-v-2,haasten,verb,opjagen,B2,source_candidate_not_curated
nt2-odwn:kledingstuk-n-1,kledingstuk,noun,iets dat je draagt,B2,source_candidate_not_curated
nt2-odwn:jobstudent-n-1,jobstudent,noun,werkstudent,B2,source_candidate_not_curated
nt2-odwn:minstreel-n-1,minstreel,noun,Middeleeuwse zanger,B2,source_candidate_not_curated
